"patient_id","lesion_id","background_father","background_mother","age","gender","fitspatrick","region","diameter_1","diameter_2","diagnostic","smoke","drink","skin_cancer_history","cancer_history","has_piped_water","has_sewage_system","pesticide","itch","grew","hurt","changed","bleed","elevation","biopsed","img_id"
"PAT_100",393,"Pomerania","Pomerania",14,"Male",1,"Face",7.0,3.0,"NEV",False,False,False,True,False,False,False,False,False,False,False,False,False,True,"PAT_100_393_898.png"
"PAT_1000",31,"Unknown","Unknown",65,"Male",0,"Ear",0.0,0.0,"SEK",False,False,False,False,False,False,False,False,False,False,False,False,False,False,"PAT_1000_31_620.png"
"PAT_1006",53,"Unknown","Unknown",63,"Male",0,"Forearm",0.0,0.0,"ACK",False,False,False,False,False,False,False,False,False,False,False,False,False,False,"PAT_1006_53_716.png"
"PAT_1008",59,"Unknown","Unknown",64,"Male",0,"Face",0.0,0.0,"SEK",False,False,False,False,False,False,False,False,True,False,False,False,True,False,"PAT_1008_59_297.png"
"PAT_101",1041,"Germany","Germany",59,"Male",2,"Neck",20.0,15.0,"BCC",True,True,False,False,True,True,False,True,True,True,False,True,True,True,"PAT_101_1041_651.png"
"PAT_1013",82,"Unknown","Unknown",43,"Male",0,"Back",0.0,0.0,"ACK",False,False,False,False,False,False,False,True,False,False,False,False,False,False,"PAT_1013_82_876.png"
"PAT_1014",86,"Unknown","Unknown",41,"Male",0,"Forearm",0.0,0.0,"ACK",False,False,False,False,False,False,False,True,False,False,False,False,False,False,"PAT_1014_86_861.png"
"PAT_1017",97,"Unknown","Unknown",67,"Male",0,"Face",0.0,0.0,"ACK",False,False,False,False,False,False,False,True,False,False,False,False,False,False,"PAT_1017_97_577.png"
"PAT_1018",107,"Unknown","Unknown",37,"Male",0,"Arm",0.0,0.0,"ACK",False,False,False,False,False,False,False,False,False,False,False,False,False,False,"PAT_1018_107_68.png"
"PAT_1019",110,"Unknown","Unknown",48,"Male",0,"Arm",0.0,0.0,"ACK",False,False,False,False,False,False,False,True,False,False,False,False,False,False,"PAT_1019_110_194.png"
"PAT_1020",111,"Unknown","Unknown",41,"Male",0,"Chest",0.0,0.0,"ACK",False,False,False,False,False,False,False,False,False,False,False,False,False,False,"PAT_1020_111_593.png"
"PAT_1021",112,"Unknown","Unknown",37,"Male",0,"Nose",0.0,0.0,"ACK",False,False,False,False,False,False,False,True,False,False,False,False,False,False,"PAT_1021_112_40.png"
"PAT_1022",115,"Unknown","Unknown",39,"Male",0,"Face",0.0,0.0,"ACK",False,False,False,False,False,False,False,True,False,False,False,False,False,False,"PAT_1022_115_132.png"
"PAT_1026",124,"Unknown","Unknown",52,"Male",0,"Face",0.0,0.0,"ACK",False,False,False,False,False,False,False,True,False,False,False,False,False,False,"PAT_1026_124_346.png"
"PAT_1027",128,"Unknown","Unknown",38,"Male",0,"Face",0.0,0.0,"ACK",False,False,False,False,False,False,False,False,False,False,False,False,False,False,"PAT_1027_128_854.png"
"PAT_1029",135,"Unknown","Unknown",47,"Male",0,"Nose",0.0,0.0,"ACK",False,False,False,False,False,False,False,True,False,False,False,False,False,False,"PAT_1029_135_239.png"
"PAT_1031",148,"Unknown","Unknown",35,"Male",0,"Forearm",0.0,0.0,"ACK",False,False,False,False,False,False,False,True,False,False,False,False,False,False,"PAT_1031_148_29.png"
"PAT_1033",153,"Unknown","Unknown",41,"Male",0,"Face",0.0,0.0,"ACK",False,False,False,False,False,False,False,True,False,False,False,False,False,False,"PAT_1033_153_301.png"
"PAT_1034",161,"Unknown","Unknown",55,"Male",0,"Arm",0.0,0.0,"ACK",False,False,False,False,False,False,False,True,False,False,False,False,False,False,"PAT_1034_161_203.png"
"PAT_1035",165,"Unknown","Unknown",47,"Male",0,"Face",0.0,0.0,"ACK",False,False,False,False,False,False,False,False,False,False,False,False,False,False,"PAT_1035_165_800.png"
"PAT_1036",169,"Unknown","Unknown",45,"Male",0,"Forearm",0.0,0.0,"ACK",False,False,False,False,False,False,False,False,False,False,False,False,False,False,"PAT_1036_169_687.png"
"PAT_104",1754,"Pomerania","Pomerania",79,"Female",2,"Arm",11.0,10.0,"ACK",False,False,True,True,False,False,True,True,False,False,False,False,True,True,"PAT_104_1754_276.png"
"PAT_1042",187,"Unknown","Unknown",40,"Female",0,"Hand",0.0,0.0,"ACK",False,False,False,False,False,False,False,False,False,False,False,False,False,False,"PAT_1042_187_746.png"
"PAT_1046",203,"Unknown","Unknown",36,"Female",0,"Forearm",0.0,0.0,"SEK",False,False,False,False,False,False,False,False,False,False,False,False,True,False,"PAT_1046_203_511.png"
"PAT_1051",220,"Unknown","Unknown",47,"Female",0,"Nose",0.0,0.0,"ACK",False,False,False,False,False,False,False,False,False,False,False,False,False,False,"PAT_1051_220_356.png"
"PAT_1057",242,"Unknown","Unknown",47,"Female",0,"Face",0.0,0.0,"ACK",False,False,False,False,False,False,False,True,False,False,False,False,False,False,"PAT_1057_242_297.png"
"PAT_1061",254,"Unknown","Unknown",42,"Female",0,"Chest",0.0,0.0,"ACK",False,False,False,False,False,False,False,True,False,False,False,False,False,False,"PAT_1061_254_813.png"
"PAT_1062",264,"Unknown","Unknown",54,"Female",0,"Chest",0.0,0.0,"ACK",False,False,False,False,False,False,False,True,False,False,False,True,False,False,"PAT_1062_264_741.png"
"PAT_1063",269,"Unknown","Unknown",65,"Female",0,"Forearm",0.0,0.0,"ACK",False,False,False,False,False,False,False,True,False,False,False,False,False,False,"PAT_1063_269_755.png"
"PAT_1064",273,"Unknown","Unknown",44,"Female",0,"Forearm",0.0,0.0,"ACK",False,False,False,False,False,False,False,True,False,False,False,False,False,False,"PAT_1064_273_980.png"
"PAT_1065",277,"Unknown","Unknown",52,"Female",0,"Chest",0.0,0.0,"ACK",False,False,False,False,False,False,False,True,False,False,False,False,False,False,"PAT_1065_277_768.png"
"PAT_1066",281,"Unknown","Unknown",47,"Female",0,"Forearm",0.0,0.0,"ACK",False,False,False,False,False,False,False,True,False,False,False,False,False,False,"PAT_1066_281_698.png"
"PAT_1067",284,"Unknown","Unknown",55,"Female",0,"Face",0.0,0.0,"ACK",False,False,False,False,False,False,False,True,False,False,False,False,False,False,"PAT_1067_284_533.png"
"PAT_1068",285,"Unknown","Unknown",62,"Female",0,"Abdomen",0.0,0.0,"SEK",False,False,False,False,False,False,False,False,True,False,False,False,True,False,"PAT_1068_285_845.png"
"PAT_107",160,"Pomerania","Pomerania",82,"Female",1,"Chest",9.0,8.0,"SEK",False,False,False,False,False,False,False,False,True,False,False,False,True,True,"PAT_107_160_609.png"
"PAT_1070",305,"Unknown","Unknown",63,"Female",0,"Forearm",0.0,0.0,"ACK",False,False,False,False,False,False,False,True,False,False,False,False,False,False,"PAT_1070_305_907.png"
"PAT_1071",313,"Unknown","Unknown",55,"Female",0,"Face",0.0,0.0,"ACK",False,False,False,False,False,False,False,False,False,False,False,False,False,False,"PAT_1071_313_789.png"
"PAT_1072",318,"Unknown","Unknown",57,"Female",0,"Face",0.0,0.0,"SEK",False,False,False,False,False,False,False,False,True,False,False,False,False,False,"PAT_1072_318_856.png"
"PAT_1074",322,"Unknown","Unknown",45,"Female",0,"Arm",0.0,0.0,"ACK",False,False,False,False,False,False,False,True,False,False,False,False,False,False,"PAT_1074_322_662.png"
"PAT_1075",324,"Unknown","Unknown",70,"Female",0,"Face",0.0,0.0,"SEK",False,False,False,False,False,False,False,False,False,False,False,False,True,False,"PAT_1075_324_177.png"
"PAT_108",162,"Pomerania","Pomerania",68,"Male",2,"Face",5.0,3.0,"ACK",False,False,True,True,True,True,True,True,True,False,False,False,True,True,"PAT_108_162_660.png"
"PAT_1082",342,"Unknown","Unknown",47,"Male",0,"Forearm",0.0,0.0,"ACK",False,False,False,False,False,False,False,True,False,False,False,False,False,False,"PAT_1082_342_705.png"
"PAT_1088",373,"Unknown","Unknown",44,"Male",0,"Forearm",0.0,0.0,"ACK",False,False,False,False,False,False,False,True,False,False,False,False,False,False,"PAT_1088_373_781.png"
"PAT_1089",375,"Unknown","Unknown",39,"Male",0,"Chest",0.0,0.0,"NEV",False,False,False,False,False,False,False,False,True,False,False,False,True,False,"PAT_1089_375_677.png"
"PAT_109",868,"Italy","Italy",82,"Male",2,"Ear",6.0,6.0,"MEL",True,True,False,True,False,False,True,False,True,False,True,False,False,True,"PAT_109_868_723.png"
"PAT_1090",376,"Unknown","Unknown",45,"Male",0,"Face",0.0,0.0,"ACK",False,False,False,False,False,False,False,True,False,False,False,False,False,False,"PAT_1090_376_384.png"
"PAT_1092",378,"Unknown","Unknown",41,"Male",0,"Forearm",0.0,0.0,"ACK",False,False,False,False,False,False,False,True,False,False,False,False,False,False,"PAT_1092_378_922.png"
"PAT_1093",379,"Unknown","Unknown",53,"Male",0,"Scalp",0.0,0.0,"ACK",False,False,False,False,False,False,False,True,False,False,False,False,False,False,"PAT_1093_379_273.png"
"PAT_1094",381,"Unknown","Unknown",41,"Male",0,"Forearm",0.0,0.0,"ACK",False,False,False,False,False,False,False,False,False,False,False,False,False,False,"PAT_1094_381_85.png"
"PAT_110",165,"Italy","Italy",62,"Female",3,"Nose",6.0,4.0,"BCC",False,False,False,True,False,True,False,False,True,False,False,False,True,True,"PAT_110_165_583.png"
"PAT_1100",402,"Unknown","Unknown",57,"Female",0,"Chest",0.0,0.0,"SEK",False,False,False,False,False,False,False,False,True,False,False,False,True,False,"PAT_1100_402_375.png"
"PAT_1102",408,"Unknown","Unknown",57,"Female",0,"Face",0.0,0.0,"ACK",False,False,False,False,False,False,False,True,False,False,False,False,False,False,"PAT_1102_408_613.png"
"PAT_1105",420,"Unknown","Unknown",75,"Female",0,"Nose",0.0,0.0,"SEK",False,False,False,False,False,False,False,False,True,False,False,False,False,False,"PAT_1105_420_520.png"
"PAT_1107",427,"Unknown","Unknown",38,"Female",0,"Back",0.0,0.0,"NEV",False,False,False,False,False,False,False,False,True,False,False,False,True,False,"PAT_1107_427_352.png"
"PAT_1109",437,"Unknown","Unknown",36,"Female",0,"Chest",0.0,0.0,"NEV",False,False,False,False,False,False,False,False,True,False,False,False,True,False,"PAT_1109_437_254.png"
"PAT_1112",455,"Unknown","Unknown",52,"Female",0,"Face",0.0,0.0,"ACK",False,False,False,False,False,False,False,True,False,False,False,False,False,False,"PAT_1112_455_845.png"
"PAT_1113",458,"Unknown","Unknown",47,"Female",0,"Face",0.0,0.0,"NEV",False,False,False,False,False,False,False,False,True,False,False,False,True,False,"PAT_1113_458_387.png"
"PAT_1118",470,"Unknown","Unknown",55,"Female",0,"Face",0.0,0.0,"ACK",False,False,False,False,False,False,False,True,True,False,False,False,False,False,"PAT_1118_470_710.png"
"PAT_1119",472,"Unknown","Unknown",60,"Female",0,"Hand",0.0,0.0,"ACK",False,False,False,False,False,False,False,True,True,False,False,False,False,False,"PAT_1119_472_513.png"
"PAT_1122",479,"Unknown","Unknown",72,"Female",0,"Arm",0.0,0.0,"SEK",False,False,False,False,False,False,False,True,True,False,False,False,True,False,"PAT_1122_479_664.png"
"PAT_1124",489,"Unknown","Unknown",55,"Female",0,"Back",0.0,0.0,"ACK",False,False,False,False,False,False,False,True,False,False,False,False,False,False,"PAT_1124_489_151.png"
"PAT_1125",492,"Unknown","Unknown",55,"Female",0,"Arm",0.0,0.0,"ACK",False,False,False,False,False,False,False,True,False,False,False,False,True,False,"PAT_1125_492_523.png"
"PAT_1127",496,"Unknown","Unknown",40,"Female",0,"Hand",0.0,0.0,"ACK",False,False,False,False,False,False,False,False,False,False,False,False,False,False,"PAT_1127_496_945.png"
"PAT_1128",497,"Unknown","Unknown",40,"Female",0,"Face",0.0,0.0,"ACK",False,False,False,False,False,False,False,True,True,False,True,False,False,False,"PAT_1128_497_322.png"
"PAT_1129",498,"Unknown","Unknown",51,"Female",0,"Scalp",0.0,0.0,"NEV",False,False,False,False,False,False,False,False,True,True,False,False,True,False,"PAT_1129_498_930.png"
"PAT_1130",501,"Unknown","Unknown",42,"Female",0,"Forearm",0.0,0.0,"ACK",False,False,False,False,False,False,False,True,False,False,False,False,False,False,"PAT_1130_501_181.png"
"PAT_1132",508,"Unknown","Unknown",60,"Female",0,"Forearm",0.0,0.0,"ACK",False,False,False,False,False,False,False,True,False,False,False,False,False,False,"PAT_1132_508_325.png"
"PAT_1133",510,"Unknown","Unknown",52,"Female",0,"Hand",0.0,0.0,"ACK",False,False,False,False,False,False,False,True,False,False,False,False,False,False,"PAT_1133_510_956.png"
"PAT_1136",517,"Unknown","Unknown",40,"Female",0,"Chest",0.0,0.0,"NEV",False,False,False,False,False,False,False,False,True,False,False,False,True,False,"PAT_1136_517_92.png"
"PAT_1138",520,"Unknown","Unknown",35,"Female",0,"Ear",0.0,0.0,"NEV",False,False,False,False,False,False,False,False,False,False,False,False,False,False,"PAT_1138_520_154.png"
"PAT_1139",523,"Unknown","Unknown",45,"Female",0,"Hand",0.0,0.0,"ACK",False,False,False,False,False,False,False,True,False,False,False,False,False,False,"PAT_1139_523_682.png"
"PAT_1141",526,"Unknown","Unknown",55,"Female",0,"Face",0.0,0.0,"ACK",False,False,False,False,False,False,False,True,False,False,False,False,False,False,"PAT_1141_526_416.png"
"PAT_1145",534,"Unknown","Unknown",55,"Female",0,"Hand",0.0,0.0,"ACK",False,False,False,False,False,False,False,True,False,False,False,False,False,False,"PAT_1145_534_524.png"
"PAT_1148",542,"Unknown","Unknown",32,"Female",0,"Back",0.0,0.0,"NEV",False,False,False,False,False,False,False,False,True,False,False,False,True,False,"PAT_1148_542_708.png"
"PAT_115",175,"Pomerania","Pomerania",69,"Female",2,"Face",10.0,4.0,"BCC",False,False,False,True,False,False,False,True,True,True,False,True,True,True,"PAT_115_175_206.png"
"PAT_1151",551,"Unknown","Unknown",60,"Female",0,"Forearm",0.0,0.0,"ACK",False,False,False,False,False,False,False,True,False,False,False,False,False,False,"PAT_1151_551_241.png"
"PAT_1153",555,"Unknown","Unknown",32,"Female",0,"Back",0.0,0.0,"NEV",False,False,False,False,False,False,False,True,True,False,False,True,True,False,"PAT_1153_555_98.png"
"PAT_1158",570,"Unknown","Unknown",44,"Female",0,"Chest",0.0,0.0,"ACK",False,False,False,False,False,False,False,True,True,False,False,False,False,False,"PAT_1158_570_376.png"
"PAT_1161",578,"Unknown","Unknown",38,"Female",0,"Chest",0.0,0.0,"NEV",False,False,False,False,False,False,False,False,True,False,False,False,False,False,"PAT_1161_578_233.png"
"PAT_117",179,"Pomerania","Pomerania",74,"Female",1,"Face",15.0,10.0,"BCC",False,False,False,False,False,False,True,True,True,True,False,True,True,True,"PAT_117_179_983.png"
"PAT_1170",608,"Unknown","Unknown",41,"Female",0,"Forearm",0.0,0.0,"ACK",False,False,False,False,False,False,False,True,False,False,False,False,False,False,"PAT_1170_608_367.png"
"PAT_1171",615,"Unknown","Unknown",47,"Female",0,"Thigh",0.0,0.0,"ACK",False,False,False,False,False,False,False,True,False,True,False,False,False,False,"PAT_1171_615_468.png"
"PAT_1172",622,"Unknown","Unknown",35,"Female",0,"Face",0.0,0.0,"ACK",False,False,False,False,False,False,False,True,True,False,False,False,False,False,"PAT_1172_622_420.png"
"PAT_1174",628,"Unknown","Unknown",57,"Female",0,"Forearm",0.0,0.0,"ACK",False,False,False,False,False,False,False,False,False,False,False,False,False,False,"PAT_1174_628_915.png"
"PAT_1176",631,"Unknown","Unknown",69,"Female",0,"Forearm",0.0,0.0,"ACK",False,False,False,False,False,False,False,True,True,False,False,False,False,False,"PAT_1176_631_36.png"
"PAT_1177",633,"Unknown","Unknown",62,"Female",0,"Forearm",0.0,0.0,"ACK",False,False,False,False,False,False,False,False,False,False,False,False,False,False,"PAT_1177_633_705.png"
"PAT_1179",641,"Unknown","Unknown",43,"Female",0,"Chest",0.0,0.0,"NEV",False,False,False,False,False,False,False,False,True,False,False,False,True,False,"PAT_1179_641_735.png"
"PAT_118",180,"Pomerania","Pomerania",62,"Female",2,"Nose",5.0,3.0,"BCC",False,False,False,False,False,False,True,True,True,False,True,True,True,True,"PAT_118_180_386.png"
"PAT_1180",651,"Unknown","Unknown",56,"Female",0,"Back",0.0,0.0,"NEV",False,False,False,False,False,False,False,False,False,False,False,False,True,False,"PAT_1180_651_559.png"
"PAT_1181",659,"Unknown","Unknown",55,"Female",0,"Forearm",0.0,0.0,"ACK",False,False,False,False,False,False,False,True,True,False,False,False,False,False,"PAT_1181_659_231.png"
"PAT_1184",676,"Unknown","Unknown",49,"Female",0,"Forearm",0.0,0.0,"ACK",False,False,False,False,False,False,False,True,True,False,False,False,False,False,"PAT_1184_676_303.png"
"PAT_1185",679,"Unknown","Unknown",60,"Female",0,"Face",0.0,0.0,"SEK",False,False,False,False,False,False,False,True,False,True,False,False,False,False,"PAT_1185_679_115.png"
"PAT_1186",680,"Unknown","Unknown",39,"Female",0,"Thigh",0.0,0.0,"NEV",False,False,False,False,False,False,False,False,False,False,False,False,True,False,"PAT_1186_680_578.png"
"PAT_119",181,"Pomerania","Pomerania",77,"Female",2,"Face",5.0,5.0,"BCC",False,False,False,False,False,False,False,True,True,True,False,True,True,True,"PAT_119_181_684.png"
"PAT_1190",700,"Unknown","Unknown",56,"Female",0,"Face",0.0,0.0,"SEK",False,False,False,False,False,False,False,False,True,False,False,False,False,False,"PAT_1190_700_663.png"
"PAT_1197",713,"Unknown","Unknown",54,"Female",0,"Face",0.0,0.0,"NEV",False,False,False,False,False,False,False,False,True,False,False,False,False,False,"PAT_1197_713_520.png"
"PAT_1198",715,"Unknown","Unknown",45,"Female",0,"Abdomen",0.0,0.0,"SEK",False,False,False,False,False,False,False,False,True,False,False,False,True,False,"PAT_1198_715_648.png"
"PAT_120",183,"Pomerania","Pomerania",53,"Female",2,"Neck",10.0,8.0,"BCC",False,False,True,False,False,False,False,True,True,True,False,True,True,True,"PAT_120_183_623.png"
"PAT_1202",722,"Unknown","Unknown",52,"Female",0,"Arm",0.0,0.0,"SEK",False,False,False,False,False,False,False,False,True,False,False,False,False,False,"PAT_1202_722_827.png"
"PAT_1203",724,"Unknown","Unknown",49,"Female",0,"Forearm",0.0,0.0,"SEK",False,False,False,False,False,False,False,False,False,False,False,False,True,False,"PAT_1203_724_762.png"
"PAT_1208",736,"Unknown","Unknown",37,"Female",0,"Face",0.0,0.0,"NEV",False,False,False,False,False,False,False,False,True,False,False,False,False,False,"PAT_1208_736_599.png"
"PAT_1209",737,"Unknown","Unknown",36,"Female",0,"Forearm",0.0,0.0,"ACK",False,False,False,False,False,False,False,True,True,False,False,True,False,False,"PAT_1209_737_590.png"
"PAT_121",184,"Pomerania","Pomerania",68,"Female",2,"Chest",8.0,6.0,"BCC",False,False,False,True,True,False,False,False,True,True,False,True,True,True,"PAT_121_184_502.png"
"PAT_1210",738,"Unknown","Unknown",50,"Female",0,"Nose",0.0,0.0,"ACK",False,False,False,False,False,False,False,True,False,False,False,False,False,False,"PAT_1210_738_915.png"
"PAT_1215",752,"Unknown","Unknown",32,"Female",0,"Forearm",0.0,0.0,"NEV",False,False,False,False,False,False,False,True,True,False,False,False,False,False,"PAT_1215_752_707.png"
"PAT_1216",759,"Unknown","Unknown",41,"Female",0,"Face",0.0,0.0,"NEV",False,False,False,False,False,False,False,False,True,False,False,False,True,False,"PAT_1216_759_542.png"
"PAT_1217",762,"Unknown","Unknown",35,"Female",0,"Face",0.0,0.0,"NEV",False,False,False,False,False,False,False,False,True,False,False,False,True,False,"PAT_1217_762_198.png"
"PAT_1219",764,"Unknown","Unknown",35,"Female",0,"Face",0.0,0.0,"NEV",False,False,False,False,False,False,False,True,True,False,False,False,True,False,"PAT_1219_764_111.png"
"PAT_1220",765,"Unknown","Unknown",67,"Female",0,"Back",0.0,0.0,"SEK",False,False,False,False,False,False,False,True,True,False,False,False,True,False,"PAT_1220_765_464.png"
"PAT_1221",766,"Unknown","Unknown",54,"Female",0,"Arm",0.0,0.0,"SEK",False,False,False,False,False,False,False,True,True,False,False,False,True,False,"PAT_1221_766_430.png"
"PAT_1222",767,"Unknown","Unknown",40,"Female",0,"Forearm",0.0,0.0,"ACK",False,False,False,False,False,False,False,True,False,False,False,False,False,False,"PAT_1222_767_519.png"
"PAT_1223",770,"Unknown","Unknown",35,"Female",0,"Face",0.0,0.0,"NEV",False,False,False,False,False,False,False,True,True,False,False,False,True,False,"PAT_1223_770_120.png"
"PAT_1229",794,"Unknown","Unknown",25,"Female",0,"Arm",0.0,0.0,"NEV",False,False,False,False,False,False,False,False,True,False,False,False,False,False,"PAT_1229_794_274.png"
"PAT_1241",824,"Unknown","Unknown",49,"Female",0,"Chest",0.0,0.0,"SEK",False,False,False,False,False,False,False,True,True,False,False,False,True,False,"PAT_1241_824_82.png"
"PAT_1242",826,"Unknown","Unknown",17,"Female",0,"Thigh",0.0,0.0,"NEV",False,False,False,False,False,False,False,False,False,False,False,False,False,False,"PAT_1242_826_903.png"
"PAT_1243",836,"Unknown","Unknown",57,"Female",0,"Forearm",0.0,0.0,"ACK",False,False,False,False,False,False,False,True,True,False,False,False,False,False,"PAT_1243_836_47.png"
"PAT_1244",840,"Unknown","Unknown",69,"Female",0,"Forearm",0.0,0.0,"ACK",False,False,False,False,False,False,False,True,False,False,False,False,False,False,"PAT_1244_840_975.png"
"PAT_1245",844,"Unknown","Unknown",22,"Female",0,"Chest",0.0,0.0,"NEV",False,False,False,False,False,False,False,False,False,False,False,False,False,False,"PAT_1245_844_471.png"
"PAT_1246",846,"Unknown","Unknown",51,"Female",0,"Arm",0.0,0.0,"ACK",False,False,False,False,False,False,False,True,False,False,False,False,False,False,"PAT_1246_846_899.png"
"PAT_1247",852,"Unknown","Unknown",52,"Female",0,"Forearm",0.0,0.0,"ACK",False,False,False,False,False,False,False,True,False,False,False,False,False,False,"PAT_1247_852_178.png"
"PAT_1249",862,"Unknown","Unknown",52,"Female",0,"Back",0.0,0.0,"NEV",False,False,False,False,False,False,False,False,True,False,False,False,True,False,"PAT_1249_862_658.png"
"PAT_1252",866,"Unknown","Unknown",65,"Female",0,"Back",0.0,0.0,"SEK",False,False,False,False,False,False,False,True,True,False,False,False,True,False,"PAT_1252_866_852.png"
"PAT_1255",876,"Unknown","Unknown",60,"Female",0,"Arm",0.0,0.0,"ACK",False,False,False,False,False,False,False,False,True,False,False,False,False,False,"PAT_1255_876_939.png"
"PAT_1256",879,"Unknown","Unknown",44,"Female",0,"Back",0.0,0.0,"NEV",False,False,False,False,False,False,False,False,False,False,True,False,False,False,"PAT_1256_879_199.png"
"PAT_1257",887,"Unknown","Unknown",21,"Female",0,"Back",0.0,0.0,"NEV",False,False,False,False,False,False,False,False,False,False,False,False,False,False,"PAT_1257_887_828.png"
"PAT_1259",892,"Unknown","Unknown",72,"Female",0,"Nose",0.0,0.0,"ACK",False,False,False,False,False,False,False,True,False,False,False,False,False,False,"PAT_1259_892_793.png"
"PAT_126",191,"Italy","Germany",48,"Male",1,"Face",10.0,5.0,"BCC",True,False,False,False,False,False,True,True,True,False,False,True,False,True,"PAT_126_191_304.png"
"PAT_1260",894,"Unknown","Unknown",41,"Male",0,"Forearm",0.0,0.0,"ACK",False,False,False,False,False,False,False,True,False,False,False,False,False,False,"PAT_1260_894_63.png"
"PAT_1261",896,"Unknown","Unknown",68,"Male",0,"Face",0.0,0.0,"SEK",False,False,False,False,False,False,False,False,False,False,False,False,True,False,"PAT_1261_896_349.png"
"PAT_1264",907,"Unknown","Unknown",31,"Male",0,"Back",0.0,0.0,"NEV",False,False,False,False,False,False,False,False,True,False,False,False,True,False,"PAT_1264_907_674.png"
"PAT_1265",908,"Unknown","Unknown",55,"Male",0,"Face",0.0,0.0,"ACK",False,False,False,False,False,False,False,True,False,False,False,False,False,False,"PAT_1265_908_754.png"
"PAT_1267",912,"Unknown","Unknown",54,"Male",0,"Forearm",0.0,0.0,"ACK",False,False,False,False,False,False,False,True,False,False,False,False,False,False,"PAT_1267_912_371.png"
"PAT_1269",936,"Unknown","Unknown",72,"Male",0,"Chest",0.0,0.0,"SEK",False,False,False,False,False,False,False,False,False,False,False,False,True,False,"PAT_1269_936_965.png"
"PAT_1273",953,"Unknown","Unknown",32,"Male",0,"Back",0.0,0.0,"NEV",False,False,False,False,False,False,False,False,True,False,False,False,True,False,"PAT_1273_953_510.png"
"PAT_1274",954,"Unknown","Unknown",52,"Male",0,"Face",0.0,0.0,"ACK",False,False,False,False,False,False,False,True,False,False,False,False,False,False,"PAT_1274_954_677.png"
"PAT_1275",955,"Unknown","Unknown",37,"Male",0,"Forearm",0.0,0.0,"ACK",False,False,False,False,False,False,False,True,True,False,False,False,False,False,"PAT_1275_955_131.png"
"PAT_1276",957,"Unknown","Unknown",33,"Male",0,"Face",0.0,0.0,"NEV",False,False,False,False,False,False,False,False,True,False,False,False,True,False,"PAT_1276_957_406.png"
"PAT_1277",964,"Unknown","Unknown",61,"Male",0,"Chest",0.0,0.0,"ACK",False,False,False,False,False,False,False,True,False,False,False,False,False,False,"PAT_1277_964_152.png"
"PAT_1278",965,"Unknown","Unknown",65,"Male",0,"Forearm",0.0,0.0,"ACK",False,False,False,False,False,False,False,True,False,False,False,True,False,False,"PAT_1278_965_701.png"
"PAT_128",194,"Pomerania","Pomerania",56,"Female",2,"Chest",9.0,6.0,"BCC",False,False,False,False,False,False,True,True,True,False,False,False,True,True,"PAT_128_194_144.png"
"PAT_1280",972,"Unknown","Unknown",60,"Female",0,"Forearm",0.0,0.0,"ACK",False,False,False,False,False,False,False,True,False,False,False,False,False,False,"PAT_1280_972_727.png"
"PAT_1282",978,"Unknown","Unknown",51,"Female",0,"Neck",0.0,0.0,"ACK",False,False,False,False,False,False,False,True,False,False,False,False,True,False,"PAT_1282_978_328.png"
"PAT_1284",995,"Unknown","Unknown",75,"Female",0,"Forearm",0.0,0.0,"ACK",False,False,False,False,False,False,False,True,False,False,False,False,False,False,"PAT_1284_995_150.png"
"PAT_1286",1000,"Unknown","Unknown",73,"Female",0,"Face",0.0,0.0,"SEK",False,False,False,False,False,False,False,False,False,False,False,False,True,False,"PAT_1286_1000_517.png"
"PAT_1288",1003,"Unknown","Unknown",39,"Female",0,"Neck",0.0,0.0,"NEV",False,False,False,False,False,False,False,False,True,False,False,False,True,False,"PAT_1288_1003_553.png"
"PAT_1294",1031,"Unknown","Unknown",35,"Female",0,"Face",0.0,0.0,"ACK",False,False,False,False,False,False,False,True,False,True,False,False,False,False,"PAT_1294_1031_466.png"
"PAT_1296",1038,"Unknown","Unknown",56,"Female",0,"Forearm",0.0,0.0,"ACK",False,False,False,False,False,False,False,True,False,False,False,False,False,False,"PAT_1296_1038_1.png"
"PAT_1297",1048,"Unknown","Unknown",66,"Female",0,"Forearm",0.0,0.0,"NEV",False,False,False,False,False,False,False,False,True,False,False,False,False,False,"PAT_1297_1048_353.png"
"PAT_1298",1051,"Unknown","Unknown",43,"Female",0,"Face",0.0,0.0,"NEV",False,False,False,False,False,False,False,False,True,False,False,False,True,False,"PAT_1298_1051_831.png"
"PAT_1299",1055,"Unknown","Unknown",57,"Female",0,"Arm",0.0,0.0,"ACK",False,False,False,False,False,False,False,True,False,False,False,False,False,False,"PAT_1299_1055_591.png"
"PAT_1300",1056,"Unknown","Unknown",75,"Female",0,"Nose",0.0,0.0,"ACK",False,False,False,False,False,False,False,True,True,False,False,False,False,False,"PAT_1300_1056_532.png"
"PAT_1301",1063,"Unknown","Unknown",79,"Female",0,"Arm",0.0,0.0,"ACK",False,False,False,False,False,False,False,True,True,False,False,False,False,False,"PAT_1301_1063_739.png"
"PAT_1303",1077,"Unknown","Unknown",79,"Female",0,"Forearm",0.0,0.0,"ACK",False,False,False,False,False,False,False,True,False,False,False,False,False,False,"PAT_1303_1077_501.png"
"PAT_1304",3507,"Unknown","Unknown",55,"Female",0,"Back",0.0,0.0,"NEV",False,False,False,False,False,False,False,False,True,False,False,False,True,False,"PAT_1304_3507_308.png"
"PAT_1305",4097,"Unknown","Unknown",54,"Female",0,"Face",0.0,0.0,"SEK",False,False,False,False,False,False,False,False,False,False,False,False,True,False,"PAT_1305_4097_251.png"
"PAT_1306",1086,"Unknown","Unknown",52,"Female",0,"Back",0.0,0.0,"SEK",False,False,False,False,False,False,False,False,False,False,False,False,True,False,"PAT_1306_1086_762.png"
"PAT_1307",1092,"Unknown","Unknown",58,"Female",0,"Forearm",0.0,0.0,"ACK",False,False,False,False,False,False,False,True,False,False,False,False,True,False,"PAT_1307_1092_878.png"
"PAT_1308",1095,"Unknown","Unknown",46,"Female",0,"Abdomen",0.0,0.0,"NEV",False,False,False,False,False,False,False,False,True,False,False,False,True,False,"PAT_1308_1095_117.png"
"PAT_1309",1096,"Unknown","Unknown",67,"Female",0,"Arm",0.0,0.0,"ACK",False,False,False,False,False,False,False,True,True,False,False,True,False,False,"PAT_1309_1096_393.png"
"PAT_131",197,"Germany","Germany",90,"Male",2,"Forearm",17.0,15.0,"SCC",False,False,True,True,True,True,False,True,True,True,False,True,True,True,"PAT_131_197_974.png"
"PAT_1310",1097,"Unknown","Unknown",69,"Male",0,"Chest",0.0,0.0,"SEK",False,False,False,False,False,False,False,False,True,False,False,False,True,False,"PAT_1310_1097_774.png"
"PAT_1312",1102,"Unknown","Unknown",58,"Male",0,"Face",0.0,0.0,"SEK",False,False,False,False,False,False,False,True,True,False,False,False,True,False,"PAT_1312_1102_578.png"
"PAT_1313",1105,"Unknown","Unknown",33,"Male",0,"Hand",0.0,0.0,"ACK",False,False,False,False,False,False,False,True,True,False,False,False,True,False,"PAT_1313_1105_284.png"
"PAT_1314",1108,"Unknown","Unknown",61,"Male",0,"Face",0.0,0.0,"SEK",False,False,False,False,False,False,False,True,True,False,False,False,True,False,"PAT_1314_1108_442.png"
"PAT_1315",1110,"Unknown","Unknown",80,"Male",0,"Arm",0.0,0.0,"ACK",False,False,False,False,False,False,False,True,False,False,False,False,False,False,"PAT_1315_1110_317.png"
"PAT_1316",1114,"Unknown","Unknown",69,"Male",0,"Arm",0.0,0.0,"ACK",False,False,False,False,False,False,False,True,False,False,False,False,False,False,"PAT_1316_1114_517.png"
"PAT_1317",1130,"Unknown","Unknown",72,"Male",0,"Forearm",0.0,0.0,"ACK",False,False,False,False,False,False,False,True,False,False,False,False,False,False,"PAT_1317_1130_656.png"
"PAT_132",198,"Pomerania","Pomerania",58,"Male",2,"Nose",11.0,7.0,"BCC",False,False,False,True,False,False,True,True,True,True,False,True,True,True,"PAT_132_198_114.png"
"PAT_1320",1135,"Unknown","Unknown",34,"Male",0,"Forearm",0.0,0.0,"ACK",False,False,False,False,False,False,False,True,False,False,False,False,False,False,"PAT_1320_1135_471.png"
"PAT_1322",1137,"Unknown","Unknown",70,"Male",0,"Chest",0.0,0.0,"ACK",False,False,False,False,False,False,False,True,False,False,False,False,False,False,"PAT_1322_1137_201.png"
"PAT_1324",1145,"Unknown","Unknown",67,"Male",0,"Forearm",0.0,0.0,"ACK",False,False,False,False,False,False,False,True,False,False,False,False,False,False,"PAT_1324_1145_309.png"
"PAT_1326",1156,"Unknown","Unknown",59,"Male",0,"Abdomen",0.0,0.0,"NEV",False,False,False,False,False,False,False,False,True,False,False,False,True,False,"PAT_1326_1156_139.png"
"PAT_1329",1168,"Unknown","Unknown",57,"Male",0,"Thigh",0.0,0.0,"SEK",False,False,False,False,False,False,False,False,True,False,False,False,False,False,"PAT_1329_1168_620.png"
"PAT_1330",1172,"Unknown","Unknown",24,"Male",0,"Chest",0.0,0.0,"NEV",False,False,False,False,False,False,False,False,False,False,False,False,True,False,"PAT_1330_1172_722.png"
"PAT_1331",1173,"Unknown","Unknown",31,"Male",0,"Back",0.0,0.0,"NEV",False,False,False,False,False,False,False,False,True,False,False,False,True,False,"PAT_1331_1173_380.png"
"PAT_1332",1174,"Unknown","Unknown",76,"Male",0,"Face",0.0,0.0,"SEK",False,False,False,False,False,False,False,False,True,False,False,False,False,False,"PAT_1332_1174_839.png"
"PAT_1333",1177,"Unknown","Unknown",38,"Male",0,"Back",0.0,0.0,"NEV",False,False,False,False,False,False,False,False,True,False,False,False,True,False,"PAT_1333_1177_261.png"
"PAT_1334",1178,"Unknown","Unknown",16,"Male",0,"Back",0.0,0.0,"NEV",False,False,False,False,False,False,False,True,True,False,False,False,True,False,"PAT_1334_1178_413.png"
"PAT_1335",1181,"Unknown","Unknown",12,"Male",0,"Back",0.0,0.0,"NEV",False,False,False,False,False,False,False,False,True,False,False,False,True,False,"PAT_1335_1181_21.png"
"PAT_134",201,"Pomerania","Pomerania",62,"Male",1,"Nose",10.0,6.0,"BCC",False,False,True,False,False,False,False,False,True,False,False,False,False,True,"PAT_134_201_587.png"
"PAT_1340",1208,"Unknown","Unknown",62,"Male",0,"Forearm",0.0,0.0,"SEK",False,False,False,False,False,False,False,False,True,False,False,False,True,False,"PAT_1340_1208_931.png"
"PAT_1341",1212,"Unknown","Unknown",66,"Male",0,"Forearm",0.0,0.0,"SEK",False,False,False,False,False,False,False,False,False,False,False,False,False,False,"PAT_1341_1212_539.png"
"PAT_1343",1217,"Unknown","Unknown",74,"Male",0,"Forearm",0.0,0.0,"SEK",False,False,False,False,False,False,False,False,False,False,False,False,False,False,"PAT_1343_1217_404.png"
"PAT_1344",1222,"Unknown","Unknown",41,"Male",0,"Face",0.0,0.0,"NEV",False,False,False,False,False,False,False,False,False,False,False,False,True,False,"PAT_1344_1222_456.png"
"PAT_1345",1223,"Unknown","Unknown",56,"Male",0,"Back",0.0,0.0,"NEV",False,False,False,False,False,False,False,False,True,False,False,False,True,False,"PAT_1345_1223_175.png"
"PAT_1347",1226,"Unknown","Unknown",64,"Male",0,"Neck",0.0,0.0,"ACK",False,False,False,False,False,False,False,True,False,False,False,False,False,False,"PAT_1347_1226_928.png"
"PAT_1349",1229,"Unknown","Unknown",58,"Male",0,"Foot",0.0,0.0,"NEV",False,False,False,False,False,False,False,False,False,False,False,False,True,False,"PAT_1349_1229_828.png"
"PAT_135",202,"Pomerania","Pomerania",53,"Male",2,"Back",10.0,9.0,"BCC",False,False,False,True,False,False,True,True,True,True,False,True,True,True,"PAT_135_202_105.png"
"PAT_1350",1230,"Unknown","Unknown",20,"Male",0,"Back",0.0,0.0,"NEV",False,False,False,False,False,False,False,False,False,False,False,False,True,False,"PAT_1350_1230_878.png"
"PAT_1351",1231,"Unknown","Unknown",25,"Male",0,"Abdomen",0.0,0.0,"NEV",False,False,False,False,False,False,False,False,True,False,True,False,True,False,"PAT_1351_1231_203.png"
"PAT_1364",1246,"Unknown","Unknown",17,"Male",0,"Back",0.0,0.0,"NEV",False,False,False,False,False,False,False,False,True,False,False,False,True,False,"PAT_1364_1246_420.png"
"PAT_1365",1253,"Unknown","Unknown",48,"Male",0,"Arm",0.0,0.0,"ACK",False,False,False,False,False,False,False,True,False,False,False,False,False,False,"PAT_1365_1253_912.png"
"PAT_1367",1264,"Unknown","Unknown",77,"Male",0,"Forearm",0.0,0.0,"ACK",False,False,False,False,False,False,False,False,False,False,False,False,False,False,"PAT_1367_1264_801.png"
"PAT_1369",1269,"Unknown","Unknown",62,"Male",0,"Forearm",0.0,0.0,"ACK",False,False,False,False,False,False,False,True,False,False,False,False,True,False,"PAT_1369_1269_370.png"
"PAT_1370",1274,"Unknown","Unknown",57,"Male",0,"Chest",0.0,0.0,"ACK",False,False,False,False,False,False,False,True,False,False,False,False,False,False,"PAT_1370_1274_515.png"
"PAT_1371",1276,"Unknown","Unknown",53,"Male",0,"Chest",0.0,0.0,"ACK",False,False,False,False,False,False,False,True,False,False,False,False,False,False,"PAT_1371_1276_145.png"
"PAT_1373",1283,"Unknown","Unknown",39,"Male",0,"Forearm",0.0,0.0,"ACK",False,False,False,False,False,False,False,True,True,False,False,True,False,False,"PAT_1373_1283_85.png"
"PAT_1374",1286,"Unknown","Unknown",54,"Male",0,"Chest",0.0,0.0,"ACK",False,False,False,False,False,False,False,True,False,False,False,True,True,False,"PAT_1374_1286_939.png"
"PAT_1376",1297,"Unknown","Unknown",75,"Male",0,"Forearm",0.0,0.0,"ACK",False,False,False,False,False,False,False,True,True,False,False,False,True,False,"PAT_1376_1297_686.png"
"PAT_1377",3512,"Unknown","Unknown",71,"Male",0,"Face",0.0,0.0,"SEK",False,False,False,False,False,False,False,False,False,False,False,False,True,False,"PAT_1377_3512_370.png"
"PAT_1379",4145,"Unknown","Unknown",31,"Male",0,"Thigh",0.0,0.0,"NEV",False,False,False,False,False,False,False,False,True,False,False,False,False,False,"PAT_1379_4145_486.png"
"PAT_1381",1314,"Unknown","Unknown",68,"Male",0,"Arm",0.0,0.0,"ACK",False,False,False,False,False,False,False,True,False,False,False,False,False,False,"PAT_1381_1314_517.png"
"PAT_1385",1323,"Unknown","Unknown",69,"Male",0,"Face",0.0,0.0,"ACK",False,False,False,False,False,False,False,True,False,False,False,False,True,False,"PAT_1385_1323_100.png"
"PAT_1388",3513,"Unknown","Unknown",29,"Male",0,"Arm",0.0,0.0,"NEV",False,False,False,False,False,False,False,False,False,False,False,False,True,False,"PAT_1388_3513_146.png"
"PAT_139",207,"Germany","Germany",83,"Male",2,"Face",11.0,9.0,"BCC",False,True,True,False,True,True,False,True,True,True,False,True,False,True,"PAT_139_207_342.png"
"PAT_1390",1346,"Unknown","Unknown",55,"Male",0,"Face",0.0,0.0,"ACK",False,False,False,False,False,False,False,True,False,False,False,False,True,False,"PAT_1390_1346_709.png"
"PAT_1391",1351,"Unknown","Unknown",53,"Male",0,"Thigh",0.0,0.0,"NEV",False,False,False,False,False,False,False,False,False,False,False,False,True,False,"PAT_1391_1351_396.png"
"PAT_1392",1353,"Unknown","Unknown",68,"Male",0,"Neck",0.0,0.0,"ACK",False,False,False,False,False,False,False,True,False,False,False,False,False,False,"PAT_1392_1353_161.png"
"PAT_1393",1355,"Unknown","Unknown",65,"Male",0,"Forearm",0.0,0.0,"ACK",False,False,False,False,False,False,False,True,False,False,False,False,False,False,"PAT_1393_1355_270.png"
"PAT_1396",1360,"Unknown","Unknown",52,"Male",0,"Forearm",0.0,0.0,"SEK",False,False,False,False,False,False,False,True,False,False,False,False,True,False,"PAT_1396_1360_4.png"
"PAT_1397",1361,"Unknown","Unknown",61,"Male",0,"Face",0.0,0.0,"SEK",False,False,False,False,False,False,False,False,True,False,False,False,False,False,"PAT_1397_1361_183.png"
"PAT_1399",1367,"Unknown","Unknown",65,"Male",0,"Face",0.0,0.0,"ACK",False,False,False,False,False,False,False,True,False,False,False,False,False,False,"PAT_1399_1367_121.png"
"PAT_1400",1372,"Unknown","Unknown",78,"Male",0,"Face",0.0,0.0,"SEK",False,False,False,False,False,False,False,False,True,False,False,False,True,False,"PAT_1400_1372_276.png"
"PAT_1401",1374,"Unknown","Unknown",51,"Male",0,"Chest",0.0,0.0,"NEV",False,False,False,False,False,False,False,False,True,False,False,False,True,False,"PAT_1401_1374_593.png"
"PAT_1402",1377,"Unknown","Unknown",66,"Male",0,"Arm",0.0,0.0,"ACK",False,False,False,False,False,False,False,True,True,False,False,False,False,False,"PAT_1402_1377_959.png"
"PAT_1403",1392,"Unknown","Unknown",50,"Male",0,"Nose",0.0,0.0,"ACK",False,False,False,False,False,False,False,False,False,False,False,False,False,False,"PAT_1403_1392_407.png"
"PAT_1404",1393,"Unknown","Unknown",52,"Male",0,"Face",0.0,0.0,"SEK",False,False,False,False,False,False,False,False,True,False,False,False,True,False,"PAT_1404_1393_540.png"
"PAT_1405",1395,"Unknown","Unknown",51,"Male",0,"Face",0.0,0.0,"ACK",False,False,False,False,False,False,False,False,False,False,False,False,False,False,"PAT_1405_1395_96.png"
"PAT_1406",1397,"Unknown","Unknown",62,"Male",0,"Forearm",0.0,0.0,"ACK",False,False,False,False,False,False,False,True,False,False,False,False,False,False,"PAT_1406_1397_669.png"
"PAT_1407",1402,"Unknown","Unknown",81,"Male",0,"Forearm",0.0,0.0,"ACK",False,False,False,False,False,False,False,True,False,False,False,False,False,False,"PAT_1407_1402_734.png"
"PAT_1408",1404,"Unknown","Unknown",68,"Male",0,"Ear",0.0,0.0,"SEK",False,False,False,False,False,False,False,False,False,False,False,False,True,False,"PAT_1408_1404_929.png"
"PAT_141",209,"Germany","Germany",71,"Male",2,"Face",7.0,5.0,"BCC",False,True,False,False,True,True,False,True,True,False,False,False,True,True,"PAT_141_209_438.png"
"PAT_1410",1410,"Unknown","Unknown",86,"Male",0,"Nose",0.0,0.0,"ACK",False,False,False,False,False,False,False,True,True,False,False,False,True,False,"PAT_1410_1410_46.png"
"PAT_1411",1414,"Unknown","Unknown",63,"Male",0,"Hand",0.0,0.0,"ACK",False,False,False,False,False,False,False,True,False,False,False,False,True,False,"PAT_1411_1414_355.png"
"PAT_1412",1421,"Unknown","Unknown",75,"Male",0,"Hand",0.0,0.0,"ACK",False,False,False,False,False,False,False,True,False,False,False,False,False,False,"PAT_1412_1421_512.png"
"PAT_1414",1429,"Unknown","Unknown",75,"Male",0,"Arm",0.0,0.0,"ACK",False,False,False,False,False,False,False,True,False,False,False,True,False,False,"PAT_1414_1429_59.png"
"PAT_1415",1439,"Unknown","Unknown",77,"Male",0,"Forearm",0.0,0.0,"ACK",False,False,False,False,False,False,False,False,False,False,False,False,False,False,"PAT_1415_1439_295.png"
"PAT_1418",1447,"Unknown","Unknown",86,"Male",0,"Back",0.0,0.0,"SEK",False,False,False,False,False,False,False,False,True,False,False,False,True,False,"PAT_1418_1447_360.png"
"PAT_1420",1460,"Unknown","Unknown",84,"Male",0,"Arm",0.0,0.0,"SEK",False,False,False,False,False,False,False,True,False,False,False,False,True,False,"PAT_1420_1460_733.png"
"PAT_1421",1464,"Unknown","Unknown",62,"Male",0,"Arm",0.0,0.0,"ACK",False,False,False,False,False,False,False,True,False,False,False,False,False,False,"PAT_1421_1464_297.png"
"PAT_1423",1472,"Unknown","Unknown",56,"Male",0,"Face",0.0,0.0,"ACK",False,False,False,False,False,False,False,True,False,False,False,False,False,False,"PAT_1423_1472_18.png"
"PAT_1427",1485,"Unknown","Unknown",47,"Male",0,"Forearm",0.0,0.0,"ACK",False,False,False,False,False,False,False,True,False,False,False,False,False,False,"PAT_1427_1485_15.png"
"PAT_1428",1489,"Unknown","Unknown",68,"Male",0,"Forearm",0.0,0.0,"ACK",False,False,False,False,False,False,False,True,False,False,False,False,False,False,"PAT_1428_1489_38.png"
"PAT_1429",1491,"Unknown","Unknown",58,"Male",0,"Forearm",0.0,0.0,"ACK",False,False,False,False,False,False,False,True,False,False,False,False,False,False,"PAT_1429_1491_451.png"
"PAT_143",213,"Pomerania","Pomerania",71,"Male",2,"Chest",8.0,7.0,"BCC",True,True,True,True,False,False,True,True,True,False,False,False,True,True,"PAT_143_213_489.png"
"PAT_1431",1495,"Unknown","Unknown",58,"Male",0,"Forearm",0.0,0.0,"ACK",False,False,False,False,False,False,False,True,False,False,False,False,False,False,"PAT_1431_1495_511.png"
"PAT_1432",1497,"Unknown","Unknown",52,"Male",0,"Forearm",0.0,0.0,"ACK",False,False,False,False,False,False,False,True,False,False,False,False,False,False,"PAT_1432_1497_328.png"
"PAT_1433",1499,"Unknown","Unknown",51,"Male",0,"Forearm",0.0,0.0,"ACK",False,False,False,False,False,False,False,True,False,False,False,False,False,False,"PAT_1433_1499_29.png"
"PAT_1439",1521,"Unknown","Unknown",59,"Male",0,"Face",0.0,0.0,"ACK",False,False,False,False,False,False,False,False,False,False,False,False,True,False,"PAT_1439_1521_868.png"
"PAT_1441",1531,"Unknown","Unknown",52,"Male",0,"Forearm",0.0,0.0,"ACK",False,False,False,False,False,False,False,True,False,False,False,False,False,False,"PAT_1441_1531_670.png"
"PAT_1443",1536,"Unknown","Unknown",58,"Male",0,"Neck",0.0,0.0,"ACK",False,False,False,False,False,False,False,True,False,False,False,True,False,False,"PAT_1443_1536_166.png"
"PAT_1448",1551,"Unknown","Unknown",23,"Male",0,"Back",0.0,0.0,"NEV",False,False,False,False,False,False,False,True,True,False,True,False,False,False,"PAT_1448_1551_366.png"
"PAT_1449",1554,"Unknown","Unknown",67,"Male",0,"Forearm",0.0,0.0,"ACK",False,False,False,False,False,False,False,True,False,False,False,False,False,False,"PAT_1449_1554_932.png"
"PAT_145",216,"Pomerania","Pomerania",68,"Male",2,"Nose",8.0,5.0,"BCC",False,False,False,True,False,True,False,True,True,True,True,True,False,True,"PAT_145_216_158.png"
"PAT_1450",1556,"Unknown","Unknown",49,"Male",0,"Face",0.0,0.0,"ACK",False,False,False,False,False,False,False,True,False,False,False,False,False,False,"PAT_1450_1556_114.png"
"PAT_1451",1562,"Unknown","Unknown",36,"Male",0,"Chest",0.0,0.0,"NEV",False,False,False,False,False,False,False,False,True,False,False,False,True,False,"PAT_1451_1562_545.png"
"PAT_1452",1564,"Unknown","Unknown",67,"Male",0,"Face",0.0,0.0,"ACK",False,False,False,False,False,False,False,False,False,False,False,False,False,False,"PAT_1452_1564_377.png"
"PAT_1453",1567,"Unknown","Unknown",52,"Male",0,"Face",0.0,0.0,"NEV",False,False,False,False,False,False,False,False,False,False,False,False,True,False,"PAT_1453_1567_250.png"
"PAT_1455",1585,"Unknown","Unknown",67,"Male",0,"Forearm",0.0,0.0,"SEK",False,False,False,False,False,False,False,False,False,False,False,False,False,False,"PAT_1455_1585_690.png"
"PAT_1460",1598,"Unknown","Unknown",62,"Male",0,"Face",0.0,0.0,"SEK",False,False,False,False,False,False,False,False,True,False,False,False,True,False,"PAT_1460_1598_959.png"
"PAT_1461",1600,"Unknown","Unknown",52,"Male",0,"Face",0.0,0.0,"SEK",False,False,False,False,False,False,False,False,True,False,False,False,True,False,"PAT_1461_1600_867.png"
"PAT_1464",1612,"Unknown","Unknown",69,"Male",0,"Forearm",0.0,0.0,"ACK",False,False,False,False,False,False,False,True,False,False,False,False,False,False,"PAT_1464_1612_284.png"
"PAT_1466",1618,"Unknown","Unknown",53,"Male",0,"Arm",0.0,0.0,"ACK",False,False,False,False,False,False,False,True,False,False,False,False,False,False,"PAT_1466_1618_147.png"
"PAT_1468",1622,"Unknown","Unknown",73,"Male",0,"Forearm",0.0,0.0,"ACK",False,False,False,False,False,False,False,True,False,False,False,True,False,False,"PAT_1468_1622_219.png"
"PAT_1469",1627,"Unknown","Unknown",71,"Male",0,"Forearm",0.0,0.0,"ACK",False,False,False,False,False,False,False,True,False,False,False,False,False,False,"PAT_1469_1627_109.png"
"PAT_147",219,"Pomerania","Pomerania",39,"Male",2,"Face",10.0,8.0,"BCC",False,False,False,False,False,False,False,True,True,True,False,True,True,True,"PAT_147_219_544.png"
"PAT_1472",1639,"Unknown","Unknown",63,"Male",0,"Forearm",0.0,0.0,"ACK",False,False,False,False,False,False,False,True,False,False,False,False,True,False,"PAT_1472_1639_87.png"
"PAT_1475",1651,"Unknown","Unknown",69,"Male",0,"Hand",0.0,0.0,"ACK",False,False,False,False,False,False,False,True,False,False,False,False,True,False,"PAT_1475_1651_727.png"
"PAT_1476",1657,"Unknown","Unknown",68,"Male",0,"Chest",0.0,0.0,"ACK",False,False,False,False,False,False,False,True,False,False,False,False,True,False,"PAT_1476_1657_788.png"
"PAT_1477",1660,"Unknown","Unknown",40,"Male",0,"Scalp",0.0,0.0,"NEV",False,False,False,False,False,False,False,False,False,False,False,False,True,False,"PAT_1477_1660_226.png"
"PAT_1479",1669,"Unknown","Unknown",39,"Male",0,"Arm",0.0,0.0,"ACK",False,False,False,False,False,False,False,True,False,False,False,False,False,False,"PAT_1479_1669_376.png"
"PAT_148",220,"Pomerania","Pomerania",48,"Male",2,"Ear",8.0,8.0,"ACK",False,True,False,False,False,False,True,True,False,False,False,False,False,True,"PAT_148_220_174.png"
"PAT_1480",1673,"Unknown","Unknown",76,"Male",0,"Scalp",0.0,0.0,"SEK",False,False,False,False,False,False,False,True,True,False,False,False,True,False,"PAT_1480_1673_701.png"
"PAT_1481",1674,"Unknown","Unknown",60,"Male",0,"Face",0.0,0.0,"ACK",False,False,False,False,False,False,False,True,False,False,False,False,False,False,"PAT_1481_1674_735.png"
"PAT_1482",1677,"Unknown","Unknown",79,"Male",0,"Forearm",0.0,0.0,"ACK",False,False,False,False,False,False,False,True,False,False,False,False,False,False,"PAT_1482_1677_382.png"
"PAT_1483",1678,"Unknown","Unknown",82,"Male",0,"Forearm",0.0,0.0,"ACK",False,False,False,False,False,False,False,True,False,False,False,False,False,False,"PAT_1483_1678_850.png"
"PAT_1484",1682,"Unknown","Unknown",28,"Male",0,"Hand",0.0,0.0,"NEV",False,False,False,False,False,False,False,False,False,False,False,False,True,False,"PAT_1484_1682_240.png"
"PAT_1486",1684,"Unknown","Unknown",73,"Male",0,"Forearm",0.0,0.0,"ACK",False,False,False,False,False,False,False,True,False,False,False,False,False,False,"PAT_1486_1684_182.png"
"PAT_149",221,"Pomerania","Pomerania",83,"Male",2,"Face",15.0,5.0,"BCC",False,False,False,True,False,False,True,True,True,True,False,True,False,True,"PAT_149_221_679.png"
"PAT_1491",1703,"Unknown","Unknown",80,"Male",0,"Forearm",0.0,0.0,"ACK",False,False,False,False,False,False,False,True,False,False,False,True,True,False,"PAT_1491_1703_637.png"
"PAT_1492",1705,"Unknown","Unknown",63,"Male",0,"Forearm",0.0,0.0,"ACK",False,False,False,False,False,False,False,True,False,False,False,False,True,False,"PAT_1492_1705_578.png"
"PAT_1494",1707,"Unknown","Unknown",68,"Male",0,"Abdomen",0.0,0.0,"SEK",False,False,False,False,False,False,False,True,True,False,False,False,True,False,"PAT_1494_1707_125.png"
"PAT_1495",1708,"Unknown","Unknown",62,"Male",0,"Back",0.0,0.0,"SEK",False,False,False,False,False,False,False,True,True,False,False,False,True,False,"PAT_1495_1708_278.png"
"PAT_1497",1712,"Unknown","Unknown",76,"Male",0,"Forearm",0.0,0.0,"ACK",False,False,False,False,False,False,False,False,False,False,False,False,False,False,"PAT_1497_1712_633.png"
"PAT_1498",1716,"Unknown","Unknown",68,"Male",0,"Forearm",0.0,0.0,"ACK",False,False,False,False,False,False,False,True,False,False,False,False,False,False,"PAT_1498_1716_626.png"
"PAT_1503",1728,"Unknown","Unknown",41,"Male",0,"Back",0.0,0.0,"NEV",False,False,False,False,False,False,False,False,False,False,False,False,False,False,"PAT_1503_1728_65.png"
"PAT_1505",1733,"Unknown","Unknown",83,"Male",0,"Arm",0.0,0.0,"ACK",False,False,False,False,False,False,False,True,False,False,False,False,False,False,"PAT_1505_1733_128.png"
"PAT_1506",1735,"Unknown","Unknown",71,"Male",0,"Face",0.0,0.0,"ACK",False,False,False,False,False,False,False,False,False,False,False,False,False,False,"PAT_1506_1735_733.png"
"PAT_1509",1741,"Unknown","Unknown",80,"Male",0,"Forearm",0.0,0.0,"SEK",False,False,False,False,False,False,False,False,False,False,False,False,False,False,"PAT_1509_1741_810.png"
"PAT_151",227,"Germany","Germany",62,"Male",2,"Nose",7.0,5.0,"BCC",False,True,True,True,True,True,False,True,True,True,False,True,False,True,"PAT_151_227_63.png"
"PAT_1513",1747,"Unknown","Unknown",72,"Male",0,"Forearm",0.0,0.0,"ACK",False,False,False,False,False,False,False,True,False,False,False,False,False,False,"PAT_1513_1747_851.png"
"PAT_1514",1760,"Unknown","Unknown",28,"Male",0,"Face",0.0,0.0,"NEV",False,False,False,False,False,False,False,False,True,False,False,False,True,False,"PAT_1514_1760_35.png"
"PAT_1516",1765,"Unknown","Unknown",8,"Male",0,"Arm",0.0,0.0,"NEV",False,False,False,False,False,False,False,False,False,False,False,False,False,False,"PAT_1516_1765_530.png"
"PAT_152",230,"Germany","Germany",68,"Male",2,"Back",15.0,10.0,"BCC",False,False,False,True,True,True,False,True,False,True,False,True,False,True,"PAT_152_230_934.png"
"PAT_1520",1777,"Unknown","Unknown",26,"Male",0,"Abdomen",0.0,0.0,"NEV",False,False,False,False,False,False,False,False,True,False,False,False,True,False,"PAT_1520_1777_935.png"
"PAT_1521",1778,"Unknown","Unknown",43,"Male",0,"Face",0.0,0.0,"SEK",False,False,False,False,False,False,False,True,True,False,False,False,True,False,"PAT_1521_1778_763.png"
"PAT_1526",1792,"Unknown","Unknown",59,"Male",0,"Forearm",0.0,0.0,"ACK",False,False,False,False,False,False,False,True,False,False,False,False,False,False,"PAT_1526_1792_482.png"
"PAT_1527",1794,"Unknown","Unknown",70,"Male",0,"Back",0.0,0.0,"SEK",False,False,False,False,False,False,False,True,True,False,False,False,True,False,"PAT_1527_1794_662.png"
"PAT_1528",1795,"Unknown","Unknown",62,"Male",0,"Face",0.0,0.0,"ACK",False,False,False,False,False,False,False,True,False,False,False,False,False,False,"PAT_1528_1795_12.png"
"PAT_1529",1798,"Unknown","Unknown",59,"Male",0,"Face",0.0,0.0,"SEK",False,False,False,False,False,False,False,True,True,False,False,False,True,False,"PAT_1529_1798_206.png"
"PAT_153",1200,"Pomerania","Pomerania",71,"Male",2,"Face",9.0,5.0,"BCC",False,False,True,True,True,False,False,False,True,False,False,False,True,True,"PAT_153_1200_541.png"
"PAT_1531",1800,"Unknown","Unknown",64,"Male",0,"Forearm",0.0,0.0,"ACK",False,False,False,False,False,False,False,True,False,False,False,False,False,False,"PAT_1531_1800_683.png"
"PAT_1534",1809,"Unknown","Unknown",14,"Male",0,"Face",0.0,0.0,"NEV",False,False,False,False,False,False,False,False,True,False,False,False,True,False,"PAT_1534_1809_366.png"
"PAT_1535",1812,"Unknown","Unknown",32,"Male",0,"Forearm",0.0,0.0,"NEV",False,False,False,False,False,False,False,False,True,False,False,False,True,False,"PAT_1535_1812_660.png"
"PAT_1536",1819,"Unknown","Unknown",71,"Male",0,"Forearm",0.0,0.0,"ACK",False,False,False,False,False,False,False,True,False,False,False,True,True,False,"PAT_1536_1819_91.png"
"PAT_1538",1830,"Unknown","Unknown",50,"Male",0,"Face",0.0,0.0,"ACK",False,False,False,False,False,False,False,True,False,False,False,False,False,False,"PAT_1538_1830_693.png"
"PAT_154",237,"Italy","Italy",78,"Male",3,"Arm",9.0,7.0,"BCC",True,True,True,True,False,False,True,True,True,False,False,False,True,True,"PAT_154_237_625.png"
"PAT_1540",1847,"Unknown","Unknown",88,"Male",0,"Face",0.0,0.0,"ACK",False,False,False,False,False,False,False,True,False,False,False,False,False,False,"PAT_1540_1847_249.png"
"PAT_1543",4346,"Unknown","Unknown",74,"Male",0,"Hand",0.0,0.0,"ACK",False,False,False,False,False,False,False,True,False,False,False,False,False,False,"PAT_1543_4346_860.png"
"PAT_1545",1867,"Unknown","Unknown",77,"Male",0,"Face",0.0,0.0,"ACK",False,False,False,False,False,False,False,True,False,False,False,False,False,False,"PAT_1545_1867_547.png"
"PAT_1546",1871,"Unknown","Unknown",75,"Male",0,"Hand",0.0,0.0,"ACK",False,False,False,False,False,False,False,True,False,False,False,False,False,False,"PAT_1546_1871_376.png"
"PAT_1547",1874,"Unknown","Unknown",58,"Male",0,"Hand",0.0,0.0,"ACK",False,False,False,False,False,False,False,True,False,False,False,False,True,False,"PAT_1547_1874_432.png"
"PAT_1549",1882,"Unknown","Unknown",53,"Male",0,"Chest",0.0,0.0,"SEK",False,False,False,False,False,False,False,True,False,False,False,False,True,False,"PAT_1549_1882_230.png"
"PAT_1550",1886,"Unknown","Unknown",64,"Male",0,"Forearm",0.0,0.0,"ACK",False,False,False,False,False,False,False,True,False,False,False,True,True,False,"PAT_1550_1886_849.png"
"PAT_1551",1889,"Unknown","Unknown",53,"Male",0,"Forearm",0.0,0.0,"ACK",False,False,False,False,False,False,False,True,False,False,False,False,True,False,"PAT_1551_1889_948.png"
"PAT_1552",1895,"Unknown","Unknown",54,"Male",0,"Face",0.0,0.0,"ACK",False,False,False,False,False,False,False,True,False,False,False,False,False,False,"PAT_1552_1895_190.png"
"PAT_1554",4170,"Unknown","Unknown",82,"Male",0,"Face",0.0,0.0,"SEK",False,False,False,False,False,False,False,False,False,False,False,False,True,False,"PAT_1554_4170_992.png"
"PAT_1555",2396,"Unknown","Unknown",55,"Male",0,"Face",0.0,0.0,"SEK",False,False,False,False,False,False,False,False,True,False,False,False,True,False,"PAT_1555_2396_71.png"
"PAT_1557",2399,"Unknown","Unknown",49,"Male",0,"Hand",0.0,0.0,"ACK",False,False,False,False,False,False,False,True,False,False,False,False,False,False,"PAT_1557_2399_681.png"
"PAT_156",241,"Germany","Netherlands",81,"Male",2,"Chest",22.0,6.0,"BCC",False,False,True,True,False,False,True,True,True,False,False,False,True,True,"PAT_156_241_538.png"
"PAT_1563",2426,"Unknown","Unknown",70,"Male",0,"Forearm",0.0,0.0,"ACK",False,False,False,False,False,False,False,True,False,False,False,False,False,False,"PAT_1563_2426_436.png"
"PAT_1565",2432,"Unknown","Unknown",45,"Male",0,"Hand",0.0,0.0,"ACK",False,False,False,False,False,False,False,True,False,False,False,False,True,False,"PAT_1565_2432_808.png"
"PAT_1566",2435,"Unknown","Unknown",72,"Male",0,"Face",0.0,0.0,"ACK",False,False,False,False,False,False,False,True,False,False,False,False,True,False,"PAT_1566_2435_150.png"
"PAT_1568",2454,"Unknown","Unknown",34,"Male",0,"Neck",0.0,0.0,"NEV",False,False,False,False,False,False,False,False,True,False,False,False,True,False,"PAT_1568_2454_468.png"
"PAT_1569",2456,"Unknown","Unknown",78,"Male",0,"Face",0.0,0.0,"SEK",False,False,False,False,False,False,False,True,False,False,False,False,True,False,"PAT_1569_2456_393.png"
"PAT_1570",2472,"Unknown","Unknown",37,"Male",0,"Back",0.0,0.0,"NEV",False,False,False,False,False,False,False,False,True,False,False,False,False,False,"PAT_1570_2472_418.png"
"PAT_1571",2484,"Unknown","Unknown",52,"Male",0,"Face",0.0,0.0,"ACK",False,False,False,False,False,False,False,True,False,False,False,False,False,False,"PAT_1571_2484_488.png"
"PAT_1572",2495,"Unknown","Unknown",72,"Male",0,"Forearm",0.0,0.0,"ACK",False,False,False,False,False,False,False,True,False,False,False,False,False,False,"PAT_1572_2495_335.png"
"PAT_1573",2499,"Unknown","Unknown",45,"Male",0,"Face",0.0,0.0,"ACK",False,False,False,False,False,False,False,True,False,False,False,False,False,False,"PAT_1573_2499_849.png"
"PAT_1575",2516,"Unknown","Unknown",75,"Male",0,"Face",0.0,0.0,"ACK",False,False,False,False,False,False,False,True,False,False,False,False,False,False,"PAT_1575_2516_23.png"
"PAT_1577",2543,"Unknown","Unknown",83,"Male",0,"Face",0.0,0.0,"SEK",False,False,False,False,False,False,False,True,False,False,False,False,True,False,"PAT_1577_2543_510.png"
"PAT_158",621,"Germany","Germany",70,"Male",1,"Arm",6.0,5.0,"ACK",False,False,True,True,True,False,True,True,False,False,False,False,False,False,"PAT_158_621_68.png"
"PAT_1581",2570,"Unknown","Unknown",92,"Male",0,"Chest",0.0,0.0,"ACK",False,False,False,False,False,False,False,True,False,False,False,False,False,False,"PAT_1581_2570_738.png"
"PAT_1582",2574,"Unknown","Unknown",76,"Male",0,"Face",0.0,0.0,"SEK",False,False,False,False,False,False,False,False,False,False,False,False,True,False,"PAT_1582_2574_34.png"
"PAT_1583",2607,"Unknown","Unknown",71,"Male",0,"Face",0.0,0.0,"SEK",False,False,False,False,False,False,False,False,False,False,False,False,False,False,"PAT_1583_2607_628.png"
"PAT_1584",2610,"Unknown","Unknown",46,"Male",0,"Face",0.0,0.0,"ACK",False,False,False,False,False,False,False,True,False,False,False,False,False,False,"PAT_1584_2610_223.png"
"PAT_1585",2619,"Unknown","Unknown",57,"Male",0,"Forearm",0.0,0.0,"SEK",False,False,False,False,False,False,False,True,False,False,False,False,True,False,"PAT_1585_2619_396.png"
"PAT_1586",2624,"Unknown","Unknown",68,"Male",0,"Arm",0.0,0.0,"SEK",False,False,False,False,False,False,False,True,False,False,False,False,False,False,"PAT_1586_2624_615.png"
"PAT_1587",2625,"Unknown","Unknown",37,"Male",0,"Back",0.0,0.0,"NEV",False,False,False,False,False,False,False,False,False,False,False,False,True,False,"PAT_1587_2625_226.png"
"PAT_1588",2629,"Unknown","Unknown",42,"Male",0,"Face",0.0,0.0,"NEV",False,False,False,False,False,False,False,True,True,False,False,False,True,False,"PAT_1588_2629_296.png"
"PAT_1591",2648,"Unknown","Unknown",31,"Male",0,"Back",0.0,0.0,"NEV",False,False,False,False,False,False,False,False,True,False,False,False,True,False,"PAT_1591_2648_855.png"
"PAT_1593",2651,"Unknown","Unknown",75,"Male",0,"Forearm",0.0,0.0,"ACK",False,False,False,False,False,False,False,True,False,False,False,False,False,False,"PAT_1593_2651_122.png"
"PAT_1594",2656,"Unknown","Unknown",81,"Male",0,"Forearm",0.0,0.0,"ACK",False,False,False,False,False,False,False,True,False,False,False,False,False,False,"PAT_1594_2656_679.png"
"PAT_1596",2664,"Unknown","Unknown",50,"Male",0,"Arm",0.0,0.0,"ACK",False,False,False,False,False,False,False,True,False,False,False,False,False,False,"PAT_1596_2664_323.png"
"PAT_1597",2666,"Unknown","Unknown",28,"Male",0,"Abdomen",0.0,0.0,"NEV",False,False,False,False,False,False,False,False,True,False,False,False,True,False,"PAT_1597_2666_130.png"
"PAT_160",248,"Italy","Italy",78,"Male",2,"Chest",11.0,10.0,"BCC",False,True,False,True,False,False,False,True,True,True,False,True,False,True,"PAT_160_248_254.png"
"PAT_1600",2685,"Unknown","Unknown",69,"Male",0,"Forearm",0.0,0.0,"ACK",False,False,False,False,False,False,False,True,False,False,False,False,True,False,"PAT_1600_2685_445.png"
"PAT_1603",2704,"Unknown","Unknown",12,"Male",0,"Back",0.0,0.0,"NEV",False,False,False,False,False,False,False,False,False,False,False,False,False,False,"PAT_1603_2704_969.png"
"PAT_1605",2715,"Unknown","Unknown",81,"Male",0,"Chest",0.0,0.0,"ACK",False,False,False,False,False,False,False,True,False,False,False,False,False,False,"PAT_1605_2715_845.png"
"PAT_1608",2720,"Unknown","Unknown",46,"Male",0,"Neck",0.0,0.0,"ACK",False,False,False,False,False,False,False,True,False,False,False,False,False,False,"PAT_1608_2720_196.png"
"PAT_161",250,"Germany","Germany",86,"Male",2,"Arm",14.0,12.0,"BCC",False,False,False,True,False,False,False,True,False,False,False,False,False,True,"PAT_161_250_338.png"
"PAT_1611",2725,"Unknown","Unknown",26,"Male",0,"Back",0.0,0.0,"NEV",False,False,False,False,False,False,False,False,True,False,False,False,True,False,"PAT_1611_2725_680.png"
"PAT_1613",2744,"Unknown","Unknown",27,"Male",0,"Thigh",0.0,0.0,"NEV",False,False,False,False,False,False,False,False,True,False,False,False,True,False,"PAT_1613_2744_603.png"
"PAT_1614",2747,"Unknown","Unknown",25,"Male",0,"Arm",0.0,0.0,"NEV",False,False,False,False,False,False,False,False,True,False,False,False,True,False,"PAT_1614_2747_533.png"
"PAT_1615",2749,"Unknown","Unknown",60,"Male",0,"Forearm",0.0,0.0,"ACK",False,False,False,False,False,False,False,True,True,False,False,False,False,False,"PAT_1615_2749_350.png"
"PAT_1618",2771,"Unknown","Unknown",70,"Male",0,"Face",0.0,0.0,"SEK",False,False,False,False,False,False,False,False,True,False,False,False,True,False,"PAT_1618_2771_628.png"
"PAT_1619",2774,"Unknown","Unknown",32,"Male",0,"Arm",0.0,0.0,"SEK",False,False,False,False,False,False,False,False,False,False,False,False,True,False,"PAT_1619_2774_616.png"
"PAT_1620",2779,"Unknown","Unknown",68,"Male",0,"Forearm",0.0,0.0,"ACK",False,False,False,False,False,False,False,True,False,False,False,False,False,False,"PAT_1620_2779_319.png"
"PAT_1624",2807,"Unknown","Unknown",22,"Male",0,"Forearm",0.0,0.0,"NEV",False,False,False,False,False,False,False,True,True,False,False,False,True,False,"PAT_1624_2807_679.png"
"PAT_1626",2811,"Unknown","Unknown",64,"Male",0,"Ear",0.0,0.0,"SEK",False,False,False,False,False,False,False,False,False,False,False,False,True,False,"PAT_1626_2811_850.png"
"PAT_163",254,"Germany","Germany",51,"Male",3,"Face",6.0,5.0,"ACK",False,False,False,True,False,False,True,True,False,False,False,False,False,True,"PAT_163_254_719.png"
"PAT_1631",2837,"Unknown","Unknown",63,"Male",0,"Face",0.0,0.0,"ACK",False,False,False,False,False,False,False,True,False,False,False,False,False,False,"PAT_1631_2837_667.png"
"PAT_1633",2855,"Unknown","Unknown",51,"Male",0,"Back",0.0,0.0,"ACK",False,False,False,False,False,False,False,True,False,False,False,False,False,False,"PAT_1633_2855_594.png"
"PAT_1636",2869,"Unknown","Unknown",50,"Male",0,"Forearm",0.0,0.0,"SEK",False,False,False,False,False,False,False,False,False,False,False,False,False,False,"PAT_1636_2869_595.png"
"PAT_1638",2878,"Unknown","Unknown",59,"Male",0,"Forearm",0.0,0.0,"ACK",False,False,False,False,False,False,False,False,False,False,False,False,False,False,"PAT_1638_2878_536.png"
"PAT_1639",2879,"Unknown","Unknown",31,"Male",0,"Face",0.0,0.0,"NEV",False,False,False,False,False,False,False,True,True,False,False,False,True,False,"PAT_1639_2879_744.png"
"PAT_164",255,"Netherlands","Netherlands",77,"Male",2,"Thigh",10.0,9.0,"SCC",False,False,True,True,False,False,False,True,False,False,False,False,False,True,"PAT_164_255_119.png"
"PAT_1641",2886,"Unknown","Unknown",70,"Male",0,"Face",0.0,0.0,"SEK",False,False,False,False,False,False,False,False,True,False,False,False,True,False,"PAT_1641_2886_284.png"
"PAT_1648",2904,"Unknown","Unknown",31,"Male",0,"Abdomen",0.0,0.0,"NEV",False,False,False,False,False,False,False,False,True,False,False,False,False,False,"PAT_1648_2904_523.png"
"PAT_1650",2913,"Unknown","Unknown",68,"Male",0,"Forearm",0.0,0.0,"ACK",False,False,False,False,False,False,False,True,False,False,False,False,True,False,"PAT_1650_2913_374.png"
"PAT_1651",2914,"Unknown","Unknown",60,"Male",0,"Forearm",0.0,0.0,"ACK",False,False,False,False,False,False,False,True,False,False,False,False,True,False,"PAT_1651_2914_833.png"
"PAT_1652",2915,"Unknown","Unknown",53,"Male",0,"Abdomen",0.0,0.0,"SEK",False,False,False,False,False,False,False,False,True,False,False,False,True,False,"PAT_1652_2915_65.png"
"PAT_1653",2916,"Unknown","Unknown",62,"Male",0,"Face",0.0,0.0,"SEK",False,False,False,False,False,False,False,False,False,False,False,False,False,False,"PAT_1653_2916_346.png"
"PAT_1655",2923,"Unknown","Unknown",62,"Male",0,"Forearm",0.0,0.0,"ACK",False,False,False,False,False,False,False,True,False,False,False,False,True,False,"PAT_1655_2923_425.png"
"PAT_1657",2932,"Unknown","Unknown",23,"Male",0,"Face",0.0,0.0,"NEV",False,False,False,False,False,False,False,False,True,False,False,False,True,False,"PAT_1657_2932_680.png"
"PAT_1658",2933,"Unknown","Unknown",22,"Male",0,"Chest",0.0,0.0,"NEV",False,False,False,False,False,False,False,False,True,False,False,False,True,False,"PAT_1658_2933_322.png"
"PAT_166",3672,"Germany","Germany",59,"Male",2,"Chest",12.0,11.0,"SEK",False,True,False,True,False,False,False,False,True,False,False,False,False,False,"PAT_166_3672_759.png"
"PAT_1661",2956,"Unknown","Unknown",56,"Male",0,"Face",0.0,0.0,"ACK",False,False,False,False,False,False,False,True,False,False,False,False,False,False,"PAT_1661_2956_357.png"
"PAT_1665",2978,"Unknown","Unknown",69,"Male",0,"Chest",0.0,0.0,"ACK",False,False,False,False,False,False,False,True,False,False,False,False,False,False,"PAT_1665_2978_578.png"
"PAT_1666",2985,"Unknown","Unknown",61,"Male",0,"Forearm",0.0,0.0,"ACK",False,False,False,False,False,False,False,True,False,False,False,False,False,False,"PAT_1666_2985_968.png"
"PAT_167",258,"Germany","Germany",58,"Male",1,"Face",10.0,7.0,"BCC",False,False,True,True,False,False,True,True,True,True,True,True,True,True,"PAT_167_258_711.png"
"PAT_1670",3007,"Unknown","Unknown",54,"Male",0,"Forearm",0.0,0.0,"ACK",False,False,False,False,False,False,False,True,False,False,False,False,False,False,"PAT_1670_3007_105.png"
"PAT_1671",3008,"Unknown","Unknown",46,"Male",0,"Scalp",0.0,0.0,"NEV",False,False,False,False,False,False,False,False,True,False,False,False,True,False,"PAT_1671_3008_622.png"
"PAT_1673",3011,"Unknown","Unknown",31,"Male",0,"Hand",0.0,0.0,"ACK",False,False,False,False,False,False,False,True,False,False,False,False,False,False,"PAT_1673_3011_440.png"
"PAT_168",1486,"Germany","Germany",51,"Male",2,"Back",8.0,5.0,"BCC",True,True,False,True,False,False,True,False,False,False,False,False,True,True,"PAT_168_1486_97.png"
"PAT_1680",3038,"Unknown","Unknown",42,"Male",0,"Chest",0.0,0.0,"NEV",False,False,False,False,False,False,False,False,True,False,False,False,True,False,"PAT_1680_3038_587.png"
"PAT_1682",3050,"Unknown","Unknown",48,"Male",0,"Forearm",0.0,0.0,"SEK",False,False,False,False,False,False,False,False,True,False,True,False,True,False,"PAT_1682_3050_600.png"
"PAT_1688",3066,"Unknown","Unknown",68,"Male",0,"Face",0.0,0.0,"ACK",False,False,False,False,False,False,False,True,False,False,False,False,False,False,"PAT_1688_3066_491.png"
"PAT_1689",3075,"Unknown","Unknown",42,"Male",0,"Arm",0.0,0.0,"ACK",False,False,False,False,False,False,False,True,False,False,False,False,True,False,"PAT_1689_3075_38.png"
"PAT_169",694,"Netherlands","Germany",44,"Male",2,"Chest",6.0,6.0,"ACK",False,True,False,False,False,False,True,True,False,False,False,False,False,False,"PAT_169_694_411.png"
"PAT_1690",3082,"Unknown","Unknown",74,"Male",0,"Chest",0.0,0.0,"ACK",False,False,False,False,False,False,False,True,False,False,False,False,False,False,"PAT_1690_3082_117.png"
"PAT_1693",3103,"Unknown","Unknown",45,"Male",0,"Chest",0.0,0.0,"ACK",False,False,False,False,False,False,False,True,False,False,False,False,False,False,"PAT_1693_3103_879.png"
"PAT_1694",3110,"Unknown","Unknown",51,"Male",0,"Abdomen",0.0,0.0,"NEV",False,False,False,False,False,False,False,False,False,False,False,False,True,False,"PAT_1694_3110_213.png"
"PAT_1696",3115,"Unknown","Unknown",89,"Male",0,"Chest",0.0,0.0,"SEK",False,False,False,False,False,False,False,False,True,False,False,False,True,False,"PAT_1696_3115_917.png"
"PAT_1698",3122,"Unknown","Unknown",55,"Male",0,"Scalp",0.0,0.0,"NEV",False,False,False,False,False,False,False,False,True,False,False,False,True,False,"PAT_1698_3122_83.png"
"PAT_1699",3126,"Unknown","Unknown",34,"Male",0,"Arm",0.0,0.0,"NEV",False,False,False,False,False,False,False,False,False,False,False,False,True,False,"PAT_1699_3126_673.png"
"PAT_170",264,"Italy","Italy",60,"Male",2,"Face",4.0,3.0,"BCC",False,False,True,False,True,True,True,True,True,False,False,False,True,True,"PAT_170_264_785.png"
"PAT_1701",3135,"Unknown","Unknown",75,"Male",0,"Face",0.0,0.0,"SEK",False,False,False,False,False,False,False,False,False,False,False,False,True,False,"PAT_1701_3135_5.png"
"PAT_1702",3548,"Unknown","Unknown",57,"Male",0,"Back",0.0,0.0,"NEV",False,False,False,False,False,False,False,False,False,False,False,False,True,False,"PAT_1702_3548_386.png"
"PAT_1704",3142,"Unknown","Unknown",65,"Male",0,"Hand",0.0,0.0,"ACK",False,False,False,False,False,False,False,True,False,False,False,False,False,False,"PAT_1704_3142_702.png"
"PAT_1705",3143,"Unknown","Unknown",71,"Male",0,"Face",0.0,0.0,"ACK",False,False,False,False,False,False,False,True,False,False,False,False,False,False,"PAT_1705_3143_139.png"
"PAT_1706",3144,"Unknown","Unknown",73,"Male",0,"Thigh",0.0,0.0,"ACK",False,False,False,False,False,False,False,True,False,False,False,False,False,False,"PAT_1706_3144_891.png"
"PAT_1707",3148,"Unknown","Unknown",75,"Male",0,"Chest",0.0,0.0,"ACK",False,False,False,False,False,False,False,True,False,False,False,False,False,False,"PAT_1707_3148_835.png"
"PAT_1708",3153,"Unknown","Unknown",73,"Male",0,"Face",0.0,0.0,"ACK",False,False,False,False,False,False,False,True,True,False,False,False,False,False,"PAT_1708_3153_799.png"
"PAT_1709",3159,"Unknown","Unknown",63,"Male",0,"Chest",0.0,0.0,"SEK",False,False,False,False,False,False,False,False,False,False,False,False,True,False,"PAT_1709_3159_935.png"
"PAT_1710",3160,"Unknown","Unknown",64,"Male",0,"Nose",0.0,0.0,"ACK",False,False,False,False,False,False,False,True,False,False,False,False,False,False,"PAT_1710_3160_488.png"
"PAT_1712",3173,"Unknown","Unknown",66,"Male",0,"Forearm",0.0,0.0,"ACK",False,False,False,False,False,False,False,True,False,False,False,False,True,False,"PAT_1712_3173_684.png"
"PAT_1713",3179,"Unknown","Unknown",65,"Male",0,"Face",0.0,0.0,"SEK",False,False,False,False,False,False,False,True,False,False,False,False,True,False,"PAT_1713_3179_888.png"
"PAT_1714",3189,"Unknown","Unknown",41,"Male",0,"Thigh",0.0,0.0,"SEK",False,False,False,False,False,False,False,False,True,False,False,False,True,False,"PAT_1714_3189_989.png"
"PAT_1715",3186,"Unknown","Unknown",67,"Male",0,"Forearm",0.0,0.0,"ACK",False,False,False,False,False,False,False,True,False,False,False,False,False,False,"PAT_1715_3186_948.png"
"PAT_1718",3202,"Unknown","Unknown",35,"Male",0,"Thigh",0.0,0.0,"NEV",False,False,False,False,False,False,False,False,True,False,False,False,True,False,"PAT_1718_3202_152.png"
"PAT_1719",3203,"Unknown","Unknown",83,"Male",0,"Nose",0.0,0.0,"SEK",False,False,False,False,False,False,False,True,False,False,False,False,True,False,"PAT_1719_3203_18.png"
"PAT_172",267,"Germany","Germany",81,"Male",2,"Face",15.0,13.0,"BCC",False,False,False,True,True,True,False,True,True,True,False,True,True,True,"PAT_172_267_557.png"
"PAT_1720",3208,"Unknown","Unknown",77,"Male",0,"Face",0.0,0.0,"ACK",False,False,False,False,False,False,False,True,False,False,False,False,False,False,"PAT_1720_3208_130.png"
"PAT_1721",3219,"Unknown","Unknown",53,"Male",0,"Chest",0.0,0.0,"SEK",False,False,False,False,False,False,False,False,False,False,False,False,True,False,"PAT_1721_3219_737.png"
"PAT_1722",3214,"Unknown","Unknown",53,"Male",0,"Forearm",0.0,0.0,"ACK",False,False,False,False,False,False,False,True,False,False,False,False,False,False,"PAT_1722_3214_672.png"
"PAT_1723",3218,"Unknown","Unknown",39,"Male",0,"Face",0.0,0.0,"SEK",False,False,False,False,False,False,False,False,False,False,False,False,True,False,"PAT_1723_3218_111.png"
"PAT_1725",3222,"Unknown","Unknown",47,"Male",0,"Forearm",0.0,0.0,"ACK",False,False,False,False,False,False,False,True,False,False,False,False,False,False,"PAT_1725_3222_943.png"
"PAT_1726",3228,"Unknown","Unknown",45,"Male",0,"Forearm",0.0,0.0,"ACK",False,False,False,False,False,False,False,True,False,False,False,False,True,False,"PAT_1726_3228_674.png"
"PAT_1727",3233,"Unknown","Unknown",89,"Male",0,"Hand",0.0,0.0,"ACK",False,False,False,False,False,False,False,True,False,False,False,False,True,False,"PAT_1727_3233_399.png"
"PAT_1728",3234,"Unknown","Unknown",79,"Male",0,"Face",0.0,0.0,"ACK",False,False,False,False,False,False,False,True,False,False,False,False,False,False,"PAT_1728_3234_299.png"
"PAT_1729",3235,"Unknown","Unknown",69,"Male",0,"Ear",0.0,0.0,"ACK",False,False,False,False,False,False,False,True,False,False,False,False,False,False,"PAT_1729_3235_909.png"
"PAT_1730",3236,"Unknown","Unknown",73,"Male",0,"Arm",0.0,0.0,"SEK",False,False,False,False,False,False,False,False,True,False,False,False,True,False,"PAT_1730_3236_7.png"
"PAT_1731",3237,"Unknown","Unknown",60,"Male",0,"Chest",0.0,0.0,"NEV",False,False,False,False,False,False,False,False,True,False,False,False,True,False,"PAT_1731_3237_197.png"
"PAT_1733",3239,"Unknown","Unknown",29,"Male",0,"Neck",0.0,0.0,"NEV",False,False,False,False,False,False,False,False,False,False,False,False,True,False,"PAT_1733_3239_934.png"
"PAT_1734",3240,"Unknown","Unknown",72,"Male",0,"Forearm",0.0,0.0,"SEK",False,False,False,False,False,False,False,True,True,False,False,False,True,False,"PAT_1734_3240_299.png"
"PAT_1735",3242,"Unknown","Unknown",21,"Male",0,"Scalp",0.0,0.0,"NEV",False,False,False,False,False,False,False,False,True,False,False,False,True,False,"PAT_1735_3242_27.png"
"PAT_1736",3246,"Unknown","Unknown",70,"Male",0,"Forearm",0.0,0.0,"ACK",False,False,False,False,False,False,False,True,False,False,False,False,True,False,"PAT_1736_3246_166.png"
"PAT_1738",3260,"Unknown","Unknown",73,"Male",0,"Face",0.0,0.0,"ACK",False,False,False,False,False,False,False,True,False,False,False,False,False,False,"PAT_1738_3260_304.png"
"PAT_1739",3261,"Unknown","Unknown",51,"Male",0,"Forearm",0.0,0.0,"ACK",False,False,False,False,False,False,False,True,False,False,False,False,False,False,"PAT_1739_3261_325.png"
"PAT_1740",3272,"Unknown","Unknown",54,"Male",0,"Forearm",0.0,0.0,"ACK",False,False,False,False,False,False,False,True,False,False,False,False,False,False,"PAT_1740_3272_228.png"
"PAT_1741",3273,"Unknown","Unknown",44,"Male",0,"Hand",0.0,0.0,"ACK",False,False,False,False,False,False,False,True,False,False,False,False,True,False,"PAT_1741_3273_34.png"
"PAT_1746",3284,"Unknown","Unknown",68,"Male",0,"Forearm",0.0,0.0,"ACK",False,False,False,False,False,False,False,True,False,False,False,False,True,False,"PAT_1746_3284_798.png"
"PAT_1749",3288,"Unknown","Unknown",66,"Male",0,"Chest",0.0,0.0,"ACK",False,False,False,False,False,False,False,True,False,False,False,False,False,False,"PAT_1749_3288_409.png"
"PAT_1753",3305,"Unknown","Unknown",8,"Male",0,"Back",0.0,0.0,"NEV",False,False,False,False,False,False,False,False,False,False,False,False,True,False,"PAT_1753_3305_385.png"
"PAT_1754",3308,"Unknown","Unknown",10,"Male",0,"Back",0.0,0.0,"NEV",False,False,False,False,False,False,False,False,True,False,True,False,False,False,"PAT_1754_3308_390.png"
"PAT_1755",3310,"Unknown","Unknown",32,"Male",0,"Back",0.0,0.0,"NEV",False,False,False,False,False,False,False,False,False,False,False,False,True,False,"PAT_1755_3310_986.png"
"PAT_1757",3316,"Unknown","Unknown",78,"Male",0,"Forearm",0.0,0.0,"ACK",False,False,False,False,False,False,False,True,True,False,False,False,True,False,"PAT_1757_3316_304.png"
"PAT_176",273,"Germany","Germany",73,"Male",2,"Forearm",10.0,9.0,"ACK",False,False,True,True,True,True,False,True,False,False,False,False,False,True,"PAT_176_273_423.png"
"PAT_1760",3326,"Unknown","Unknown",46,"Male",0,"Forearm",0.0,0.0,"ACK",False,False,False,False,False,False,False,True,True,False,False,False,True,False,"PAT_1760_3326_525.png"
"PAT_1761",3329,"Unknown","Unknown",70,"Male",0,"Face",0.0,0.0,"SEK",False,False,False,False,False,False,False,False,False,False,False,False,False,False,"PAT_1761_3329_837.png"
"PAT_1762",3332,"Unknown","Unknown",62,"Male",0,"Neck",0.0,0.0,"ACK",False,False,False,False,False,False,False,True,True,False,False,False,False,False,"PAT_1762_3332_245.png"
"PAT_1764",3335,"Unknown","Unknown",73,"Male",0,"Chest",0.0,0.0,"SEK",False,False,False,False,False,False,False,False,True,False,False,False,True,False,"PAT_1764_3335_366.png"
"PAT_1765",3337,"Unknown","Unknown",79,"Male",0,"Face",0.0,0.0,"SEK",False,False,False,False,False,False,False,True,False,False,False,False,True,False,"PAT_1765_3337_365.png"
"PAT_1767",3340,"Unknown","Unknown",59,"Male",0,"Face",0.0,0.0,"ACK",False,False,False,False,False,False,False,True,False,False,False,False,True,False,"PAT_1767_3340_959.png"
"PAT_1769",3342,"Unknown","Unknown",77,"Male",0,"Forearm",0.0,0.0,"ACK",False,False,False,False,False,False,False,True,False,False,False,False,True,False,"PAT_1769_3342_63.png"
"PAT_177",275,"Germany","Germany",51,"Male",1,"Back",13.0,10.0,"BCC",False,False,False,True,True,True,False,True,False,False,False,False,True,True,"PAT_177_275_905.png"
"PAT_1770",3344,"Unknown","Unknown",33,"Male",0,"Face",0.0,0.0,"NEV",False,False,False,False,False,False,False,False,True,False,False,False,False,False,"PAT_1770_3344_274.png"
"PAT_1772",3346,"Unknown","Unknown",50,"Male",0,"Face",0.0,0.0,"NEV",False,False,False,False,False,False,False,False,False,False,False,False,True,False,"PAT_1772_3346_66.png"
"PAT_1774",3352,"Unknown","Unknown",67,"Male",0,"Face",0.0,0.0,"ACK",False,False,False,False,False,False,False,True,False,False,False,False,True,False,"PAT_1774_3352_474.png"
"PAT_1777",3370,"Unknown","Unknown",67,"Male",0,"Back",0.0,0.0,"ACK",False,False,False,False,False,False,False,True,False,False,False,False,False,False,"PAT_1777_3370_697.png"
"PAT_1780",3380,"Unknown","Unknown",61,"Male",0,"Abdomen",0.0,0.0,"SEK",False,False,False,False,False,False,False,False,False,False,False,False,True,False,"PAT_1780_3380_542.png"
"PAT_1783",3414,"Unknown","Unknown",75,"Male",0,"Scalp",0.0,0.0,"SEK",False,False,False,False,False,False,False,False,False,False,False,False,True,False,"PAT_1783_3414_120.png"
"PAT_1784",3416,"Unknown","Unknown",25,"Male",0,"Face",0.0,0.0,"NEV",False,False,False,False,False,False,False,False,True,False,False,False,True,False,"PAT_1784_3416_507.png"
"PAT_1786",3420,"Unknown","Unknown",51,"Male",0,"Hand",0.0,0.0,"ACK",False,False,False,False,False,False,False,True,False,False,False,False,False,False,"PAT_1786_3420_346.png"
"PAT_1787",3421,"Unknown","Unknown",43,"Male",0,"Back",0.0,0.0,"NEV",False,False,False,False,False,False,False,True,True,False,True,False,False,False,"PAT_1787_3421_516.png"
"PAT_179",278,"Pomerania","Pomerania",64,"Male",2,"Forearm",14.0,10.0,"BCC",False,False,True,False,True,True,True,True,True,False,False,True,True,True,"PAT_179_278_331.png"
"PAT_1790",3425,"Unknown","Unknown",67,"Male",0,"Face",0.0,0.0,"SEK",False,False,False,False,False,False,False,True,False,False,False,False,True,False,"PAT_1790_3425_942.png"
"PAT_1794",3435,"Unknown","Unknown",67,"Male",0,"Face",0.0,0.0,"ACK",False,False,False,False,False,False,False,False,False,False,False,False,False,False,"PAT_1794_3435_711.png"
"PAT_1798",3455,"Unknown","Unknown",68,"Male",0,"Scalp",0.0,0.0,"SEK",False,False,False,False,False,False,False,False,True,False,False,False,True,False,"PAT_1798_3455_379.png"
"PAT_1799",3457,"Unknown","Unknown",54,"Male",0,"Face",0.0,0.0,"ACK",False,False,False,False,False,False,False,True,False,False,False,False,False,False,"PAT_1799_3457_209.png"
"PAT_180",279,"Germany","Germany",54,"Male",3,"Forearm",15.0,13.0,"BCC",False,True,False,True,False,False,False,True,True,False,False,True,True,True,"PAT_180_279_377.png"
"PAT_1800",3460,"Unknown","Unknown",38,"Male",0,"Ear",0.0,0.0,"SEK",False,False,False,False,False,False,False,True,True,False,False,False,True,False,"PAT_1800_3460_206.png"
"PAT_1801",3459,"Unknown","Unknown",56,"Male",0,"Back",0.0,0.0,"NEV",False,False,False,False,False,False,False,False,True,False,False,False,True,False,"PAT_1801_3459_857.png"
"PAT_1803",3463,"Unknown","Unknown",26,"Male",0,"Back",0.0,0.0,"NEV",False,False,False,False,False,False,False,False,True,False,False,False,True,False,"PAT_1803_3463_639.png"
"PAT_1804",3469,"Unknown","Unknown",57,"Male",0,"Hand",0.0,0.0,"ACK",False,False,False,False,False,False,False,True,False,False,False,False,False,False,"PAT_1804_3469_628.png"
"PAT_1805",3477,"Unknown","Unknown",55,"Male",0,"Forearm",0.0,0.0,"ACK",False,False,False,False,False,False,False,True,False,False,False,False,True,False,"PAT_1805_3477_772.png"
"PAT_1807",3481,"Unknown","Unknown",51,"Male",0,"Forearm",0.0,0.0,"ACK",False,False,False,False,False,False,False,True,False,False,False,False,False,False,"PAT_1807_3481_801.png"
"PAT_181",833,"Unknown","Unknown",59,"Male",4,"Forearm",11.0,10.0,"ACK",False,False,True,False,False,False,False,True,False,False,False,False,False,False,"PAT_181_833_109.png"
"PAT_1810",3484,"Unknown","Unknown",44,"Male",0,"Face",0.0,0.0,"NEV",False,False,False,False,False,False,False,False,True,False,False,False,True,False,"PAT_1810_3484_347.png"
"PAT_1811",3487,"Unknown","Unknown",34,"Male",0,"Face",0.0,0.0,"ACK",False,False,False,False,False,False,False,True,False,False,False,False,False,False,"PAT_1811_3487_560.png"
"PAT_1812",3492,"Unknown","Unknown",54,"Male",0,"Forearm",0.0,0.0,"ACK",False,False,False,False,False,False,False,True,False,False,False,False,False,False,"PAT_1812_3492_670.png"
"PAT_1813",3562,"Unknown","Unknown",81,"Male",0,"Arm",0.0,0.0,"SEK",False,False,False,False,False,False,False,False,True,False,False,False,True,False,"PAT_1813_3562_195.png"
"PAT_1814",3564,"Unknown","Unknown",87,"Male",0,"Forearm",0.0,0.0,"ACK",False,False,False,False,False,False,False,True,False,False,False,False,False,False,"PAT_1814_3564_609.png"
"PAT_1818",3568,"Unknown","Unknown",60,"Male",0,"Arm",0.0,0.0,"ACK",False,False,False,False,False,False,False,False,False,False,False,False,False,False,"PAT_1818_3568_132.png"
"PAT_1819",3569,"Unknown","Unknown",48,"Male",0,"Hand",0.0,0.0,"ACK",False,False,False,False,False,False,False,False,True,False,False,False,False,False,"PAT_1819_3569_217.png"
"PAT_1821",3575,"Unknown","Unknown",79,"Male",0,"Thigh",0.0,0.0,"ACK",False,False,False,False,False,False,False,True,False,False,False,False,False,False,"PAT_1821_3575_920.png"
"PAT_1822",3576,"Unknown","Unknown",77,"Male",0,"Forearm",0.0,0.0,"ACK",False,False,False,False,False,False,False,False,True,False,False,False,True,False,"PAT_1822_3576_145.png"
"PAT_1826",3580,"Unknown","Unknown",53,"Male",0,"Forearm",0.0,0.0,"SEK",False,False,False,False,False,False,False,False,False,False,False,False,False,False,"PAT_1826_3580_871.png"
"PAT_183",283,"Unknown","Unknown",76,"Male",3,"Chest",9.0,7.0,"SCC",False,False,True,False,False,False,False,True,False,False,False,False,False,True,"PAT_183_283_495.png"
"PAT_1832",3597,"Unknown","Unknown",65,"Male",0,"Back",0.0,0.0,"SEK",False,False,False,False,False,False,False,False,False,False,False,False,False,False,"PAT_1832_3597_594.png"
"PAT_1833",3599,"Unknown","Unknown",44,"Male",0,"Hand",0.0,0.0,"ACK",False,False,False,False,False,False,False,False,False,False,False,False,True,False,"PAT_1833_3599_827.png"
"PAT_1837",3608,"Unknown","Unknown",45,"Male",0,"Back",0.0,0.0,"NEV",False,False,False,False,False,False,False,False,False,False,False,False,False,False,"PAT_1837_3608_851.png"
"PAT_1838",3609,"Unknown","Unknown",47,"Male",0,"Thigh",0.0,0.0,"SEK",False,False,False,False,False,False,False,False,False,False,False,False,False,False,"PAT_1838_3609_254.png"
"PAT_184",284,"Italy","Italy",71,"Male",3,"Arm",5.0,3.0,"ACK",False,False,False,False,True,True,False,False,True,False,False,False,True,True,"PAT_184_284_721.png"
"PAT_1840",3612,"Unknown","Unknown",48,"Male",0,"Face",0.0,0.0,"ACK",False,False,False,False,False,False,False,False,False,False,False,False,False,False,"PAT_1840_3612_959.png"
"PAT_1842",3615,"Unknown","Unknown",17,"Male",0,"Forearm",0.0,0.0,"NEV",False,False,False,False,False,False,False,False,False,False,False,False,False,False,"PAT_1842_3615_850.png"
"PAT_1844",3618,"Unknown","Unknown",68,"Male",0,"Face",0.0,0.0,"SEK",False,False,False,False,False,False,False,False,False,False,False,False,True,False,"PAT_1844_3618_373.png"
"PAT_1846",3622,"Unknown","Unknown",48,"Male",0,"Ear",0.0,0.0,"NEV",False,False,False,False,False,False,False,False,False,False,False,False,True,False,"PAT_1846_3622_35.png"
"PAT_1849",3629,"Unknown","Unknown",45,"Male",0,"Hand",0.0,0.0,"ACK",False,False,False,False,False,False,False,True,False,False,False,False,False,False,"PAT_1849_3629_214.png"
"PAT_185",285,"Germany","Germany",62,"Male",2,"Arm",11.0,9.0,"BCC",False,True,False,True,True,False,False,True,True,True,False,True,True,True,"PAT_185_285_862.png"
"PAT_1850",3631,"Unknown","Unknown",76,"Male",0,"Chest",0.0,0.0,"ACK",False,False,False,False,False,False,False,False,False,False,False,False,False,False,"PAT_1850_3631_519.png"
"PAT_1854",3637,"Unknown","Unknown",74,"Male",0,"Forearm",0.0,0.0,"ACK",False,False,False,False,False,False,False,False,False,False,False,False,True,False,"PAT_1854_3637_323.png"
"PAT_1855",3641,"Unknown","Unknown",70,"Male",0,"Forearm",0.0,0.0,"ACK",False,False,False,False,False,False,False,True,False,False,False,False,False,False,"PAT_1855_3641_327.png"
"PAT_186",286,"Unknown","Germany",74,"Male",2,"Forearm",7.0,5.0,"ACK",False,False,True,True,False,False,True,False,False,False,False,False,True,True,"PAT_186_286_109.png"
"PAT_1861",3648,"Unknown","Unknown",72,"Male",0,"Face",0.0,0.0,"SEK",False,False,False,False,False,False,False,True,True,False,False,False,False,False,"PAT_1861_3648_959.png"
"PAT_1866",3660,"Unknown","Unknown",77,"Male",0,"Face",0.0,0.0,"ACK",False,False,False,False,False,False,False,True,False,True,False,False,False,False,"PAT_1866_3660_115.png"
"PAT_1869",3663,"Unknown","Unknown",54,"Male",0,"Forearm",0.0,0.0,"ACK",False,False,False,False,False,False,False,True,False,True,False,True,False,False,"PAT_1869_3663_335.png"
"PAT_1871",3666,"Unknown","Unknown",46,"Male",0,"Abdomen",0.0,0.0,"SEK",False,False,False,False,False,False,False,True,False,False,False,False,True,False,"PAT_1871_3666_675.png"
"PAT_1874",3687,"Unknown","Unknown",38,"Male",0,"Back",0.0,0.0,"SEK",False,False,False,False,False,False,False,False,False,False,False,False,False,False,"PAT_1874_3687_799.png"
"PAT_1875",3689,"Unknown","Unknown",54,"Male",0,"Forearm",0.0,0.0,"ACK",False,False,False,False,False,False,False,True,False,False,False,False,True,False,"PAT_1875_3689_646.png"
"PAT_188",289,"Brazil","Brazil",57,"Male",4,"Chest",12.0,10.0,"BCC",False,False,True,False,True,True,False,True,True,True,False,False,True,True,"PAT_188_289_908.png"
"PAT_1881",3711,"Unknown","Unknown",44,"Male",0,"Hand",0.0,0.0,"ACK",False,False,False,False,False,False,False,False,False,False,False,False,False,False,"PAT_1881_3711_217.png"
"PAT_1882",3718,"Unknown","Unknown",58,"Male",0,"Chest",0.0,0.0,"SEK",False,False,False,False,False,False,False,False,True,False,False,False,True,False,"PAT_1882_3718_982.png"
"PAT_1884",3730,"Unknown","Unknown",80,"Male",0,"Nose",0.0,0.0,"ACK",False,False,False,False,False,False,False,True,False,False,False,False,False,False,"PAT_1884_3730_813.png"
"PAT_1892",3760,"Unknown","Unknown",39,"Male",0,"Face",0.0,0.0,"ACK",False,False,False,False,False,False,False,False,False,False,True,False,False,False,"PAT_1892_3760_713.png"
"PAT_1893",3761,"Unknown","Unknown",61,"Male",0,"Hand",0.0,0.0,"ACK",False,False,False,False,False,False,False,False,False,False,False,False,True,False,"PAT_1893_3761_666.png"
"PAT_1899",3779,"Unknown","Unknown",80,"Male",0,"Forearm",0.0,0.0,"ACK",False,False,False,False,False,False,False,False,False,False,False,False,False,False,"PAT_1899_3779_475.png"
"PAT_190",291,"Pomerania","Pomerania",61,"Male",2,"Forearm",15.0,9.0,"BCC",False,False,False,True,True,False,True,True,True,True,False,True,False,True,"PAT_190_291_366.png"
"PAT_1902",3790,"Unknown","Unknown",66,"Male",0,"Forearm",0.0,0.0,"SEK",False,False,False,False,False,False,False,True,False,False,False,False,False,False,"PAT_1902_3790_168.png"
"PAT_1903",3791,"Unknown","Unknown",23,"Male",0,"Face",0.0,0.0,"NEV",False,False,False,False,False,False,False,False,True,False,False,False,True,False,"PAT_1903_3791_14.png"
"PAT_1904",3794,"Unknown","Unknown",26,"Male",0,"Chest",0.0,0.0,"NEV",False,False,False,False,False,False,False,False,True,False,False,False,True,False,"PAT_1904_3794_215.png"
"PAT_1906",3798,"Unknown","Unknown",50,"Male",0,"Arm",0.0,0.0,"ACK",False,False,False,False,False,False,False,True,False,False,False,False,True,False,"PAT_1906_3798_588.png"
"PAT_1907",3801,"Unknown","Unknown",10,"Male",0,"Back",0.0,0.0,"NEV",False,False,False,False,False,False,False,False,False,False,False,False,False,False,"PAT_1907_3801_88.png"
"PAT_191",294,"Pomerania","Pomerania",85,"Male",2,"Nose",13.0,3.0,"BCC",True,False,False,True,True,True,False,True,True,True,False,True,True,True,"PAT_191_294_629.png"
"PAT_1913",3816,"Unknown","Unknown",39,"Male",0,"Face",0.0,0.0,"ACK",False,False,False,False,False,False,False,False,False,False,False,False,False,False,"PAT_1913_3816_335.png"
"PAT_1914",3822,"Unknown","Unknown",56,"Male",0,"Arm",0.0,0.0,"SEK",False,False,False,False,False,False,False,False,False,False,False,True,True,False,"PAT_1914_3822_863.png"
"PAT_1918",3836,"Unknown","Unknown",63,"Male",0,"Arm",0.0,0.0,"ACK",False,False,False,False,False,False,False,True,False,False,False,False,False,False,"PAT_1918_3836_82.png"
"PAT_192",295,"Italy","Italy",74,"Male",2,"Face",15.0,7.0,"BCC",False,False,False,False,True,True,True,False,True,False,True,False,True,True,"PAT_192_295_164.png"
"PAT_1922",3848,"Unknown","Unknown",67,"Male",0,"Back",0.0,0.0,"SEK",False,False,False,False,False,False,False,False,False,False,False,False,True,False,"PAT_1922_3848_451.png"
"PAT_1926",3871,"Unknown","Unknown",78,"Male",0,"Ear",0.0,0.0,"SEK",False,False,False,False,False,False,False,True,False,True,True,False,True,False,"PAT_1926_3871_371.png"
"PAT_1928",3876,"Unknown","Unknown",37,"Male",0,"Forearm",0.0,0.0,"NEV",False,False,False,False,False,False,False,False,True,False,True,False,True,False,"PAT_1928_3876_437.png"
"PAT_1931",3879,"Unknown","Unknown",53,"Male",0,"Face",0.0,0.0,"ACK",False,False,False,False,False,False,False,False,False,False,False,False,False,False,"PAT_1931_3879_727.png"
"PAT_1933",3883,"Unknown","Unknown",53,"Male",0,"Forearm",0.0,0.0,"SEK",False,False,False,False,False,False,False,True,False,False,False,False,True,False,"PAT_1933_3883_413.png"
"PAT_1934",3890,"Unknown","Unknown",39,"Male",0,"Forearm",0.0,0.0,"NEV",False,False,False,False,False,False,False,True,True,False,False,False,True,False,"PAT_1934_3890_306.png"
"PAT_1937",3897,"Unknown","Unknown",62,"Male",0,"Forearm",0.0,0.0,"ACK",False,False,False,False,False,False,False,False,False,False,False,False,False,False,"PAT_1937_3897_131.png"
"PAT_194",298,"Unknown","Unknown",63,"Male",4,"Neck",6.0,4.0,"SEK",False,False,False,True,True,True,False,False,True,False,True,False,False,True,"PAT_194_298_945.png"
"PAT_1940",3902,"Unknown","Unknown",31,"Male",0,"Chest",0.0,0.0,"NEV",False,False,False,False,False,False,False,False,True,False,False,False,True,False,"PAT_1940_3902_876.png"
"PAT_1942",3915,"Unknown","Unknown",55,"Male",0,"Face",0.0,0.0,"SEK",False,False,False,False,False,False,False,False,True,False,False,False,True,False,"PAT_1942_3915_388.png"
"PAT_1944",3921,"Unknown","Unknown",42,"Male",0,"Face",0.0,0.0,"SEK",False,False,False,False,False,False,False,False,True,False,False,False,True,False,"PAT_1944_3921_281.png"
"PAT_1945",3923,"Unknown","Unknown",56,"Male",0,"Chest",0.0,0.0,"NEV",False,False,False,False,False,False,False,False,True,False,False,False,True,False,"PAT_1945_3923_428.png"
"PAT_1946",3924,"Unknown","Unknown",73,"Male",0,"Arm",0.0,0.0,"SEK",False,False,False,False,False,False,False,True,True,False,False,False,True,False,"PAT_1946_3924_24.png"
"PAT_1947",3926,"Unknown","Unknown",39,"Male",0,"Forearm",0.0,0.0,"NEV",False,False,False,False,False,False,False,False,True,False,False,False,True,False,"PAT_1947_3926_165.png"
"PAT_1950",3932,"Unknown","Unknown",68,"Male",0,"Face",0.0,0.0,"ACK",False,False,False,False,False,False,False,True,True,False,False,True,True,False,"PAT_1950_3932_655.png"
"PAT_1951",3934,"Unknown","Unknown",79,"Male",0,"Arm",0.0,0.0,"ACK",False,False,False,False,False,False,False,True,True,False,True,True,False,False,"PAT_1951_3934_98.png"
"PAT_1955",3947,"Unknown","Unknown",58,"Male",0,"Face",0.0,0.0,"ACK",False,False,False,False,False,False,False,True,True,False,True,False,False,False,"PAT_1955_3947_778.png"
"PAT_1956",3949,"Unknown","Unknown",60,"Male",0,"Face",0.0,0.0,"SEK",False,False,False,False,False,False,False,False,False,False,False,False,False,False,"PAT_1956_3949_217.png"
"PAT_1960",3957,"Unknown","Unknown",34,"Male",0,"Back",0.0,0.0,"NEV",False,False,False,False,False,False,False,True,True,True,True,False,True,False,"PAT_1960_3957_864.png"
"PAT_1967",3976,"Unknown","Unknown",75,"Male",0,"Forearm",0.0,0.0,"ACK",False,False,False,False,False,False,False,True,False,False,False,True,False,False,"PAT_1967_3976_736.png"
"PAT_1969",3980,"Unknown","Unknown",62,"Male",0,"Ear",0.0,0.0,"ACK",False,False,False,False,False,False,False,True,False,False,False,False,False,False,"PAT_1969_3980_995.png"
"PAT_197",301,"Brazil","Italy",79,"Male",4,"Nose",4.0,4.0,"BCC",False,False,False,True,True,True,False,True,True,False,False,True,True,True,"PAT_197_301_449.png"
"PAT_1971",3984,"Unknown","Unknown",76,"Male",0,"Chest",0.0,0.0,"SEK",False,False,False,False,False,False,False,False,True,False,False,False,True,False,"PAT_1971_3984_534.png"
"PAT_1975",3999,"Unknown","Unknown",66,"Male",0,"Thigh",0.0,0.0,"SEK",False,False,False,False,False,False,False,False,True,False,False,False,False,False,"PAT_1975_3999_453.png"
"PAT_1976",4000,"Unknown","Unknown",53,"Male",0,"Forearm",0.0,0.0,"ACK",False,False,False,False,False,False,False,True,False,False,False,True,False,False,"PAT_1976_4000_701.png"
"PAT_1978",4004,"Unknown","Unknown",75,"Male",0,"Back",0.0,0.0,"SEK",False,False,False,False,False,False,False,True,True,False,True,True,True,False,"PAT_1978_4004_82.png"
"PAT_198",302,"Germany","Germany",53,"Male",2,"Chest",7.0,7.0,"BCC",False,False,True,True,True,True,False,True,True,False,False,False,False,True,"PAT_198_302_44.png"
"PAT_1980",4018,"Unknown","Unknown",65,"Male",0,"Forearm",0.0,0.0,"ACK",False,False,False,False,False,False,False,True,True,False,False,False,False,False,"PAT_1980_4018_929.png"
"PAT_1981",4023,"Unknown","Unknown",79,"Male",0,"Chest",0.0,0.0,"ACK",False,False,False,False,False,False,False,True,False,False,False,False,True,False,"PAT_1981_4023_673.png"
"PAT_1983",4032,"Unknown","Unknown",83,"Male",0,"Arm",0.0,0.0,"ACK",False,False,False,False,False,False,False,True,False,False,False,False,False,False,"PAT_1983_4032_502.png"
"PAT_1984",4038,"Unknown","Unknown",22,"Male",0,"Face",0.0,0.0,"NEV",False,False,False,False,False,False,False,False,True,False,False,False,True,False,"PAT_1984_4038_265.png"
"PAT_1988",4052,"Unknown","Unknown",45,"Male",0,"Nose",0.0,0.0,"SEK",False,False,False,False,False,False,False,False,True,False,False,False,True,False,"PAT_1988_4052_897.png"
"PAT_1989",4061,"Unknown","Unknown",75,"Male",0,"Hand",0.0,0.0,"ACK",False,False,False,False,False,False,False,True,False,False,False,False,False,False,"PAT_1989_4061_934.png"
"PAT_1993",4076,"Unknown","Unknown",47,"Male",0,"Face",0.0,0.0,"ACK",False,False,False,False,False,False,False,False,True,True,False,False,False,False,"PAT_1993_4076_174.png"
"PAT_1995",4080,"Unknown","Unknown",68,"Male",0,"Forearm",0.0,0.0,"ACK",False,False,False,False,False,False,False,True,False,False,True,False,False,False,"PAT_1995_4080_695.png"
"PAT_1998",4095,"Unknown","Unknown",69,"Male",0,"Arm",0.0,0.0,"ACK",False,False,False,False,False,False,False,True,False,False,False,False,False,False,"PAT_1998_4095_438.png"
"PAT_200",304,"Portugal","Portugal",80,"Male",3,"Ear",10.0,6.0,"BCC",False,False,False,True,True,True,False,True,True,True,False,True,False,True,"PAT_200_304_139.png"
"PAT_2003",4107,"Unknown","Unknown",46,"Male",0,"Chest",0.0,0.0,"ACK",False,False,False,False,False,False,False,False,True,False,False,False,False,False,"PAT_2003_4107_766.png"
"PAT_2006",4123,"Unknown","Unknown",17,"Male",0,"Back",0.0,0.0,"NEV",False,False,False,False,False,False,False,False,True,False,False,False,True,False,"PAT_2006_4123_719.png"
"PAT_2008",4126,"Unknown","Unknown",50,"Male",0,"Forearm",0.0,0.0,"ACK",False,False,False,False,False,False,False,True,False,False,False,False,False,False,"PAT_2008_4126_489.png"
"PAT_2009",4134,"Unknown","Unknown",80,"Male",0,"Neck",0.0,0.0,"ACK",False,False,False,False,False,False,False,True,False,False,False,False,False,False,"PAT_2009_4134_828.png"
"PAT_201",946,"Pomerania","Pomerania",60,"Male",3,"Forearm",12.0,10.0,"ACK",False,True,False,True,False,False,True,True,True,False,False,False,False,False,"PAT_201_946_262.png"
"PAT_2010",4136,"Unknown","Unknown",39,"Male",0,"Forearm",0.0,0.0,"ACK",False,False,False,False,False,False,False,False,False,False,False,False,True,False,"PAT_2010_4136_318.png"
"PAT_2011",4140,"Unknown","Unknown",50,"Male",0,"Forearm",0.0,0.0,"ACK",False,False,False,False,False,False,False,True,False,False,False,False,True,False,"PAT_2011_4140_988.png"
"PAT_2013",4148,"Unknown","Unknown",29,"Male",0,"Abdomen",0.0,0.0,"NEV",False,False,False,False,False,False,False,False,False,False,False,False,False,False,"PAT_2013_4148_303.png"
"PAT_2016",4160,"Unknown","Unknown",67,"Male",0,"Ear",0.0,0.0,"SEK",False,False,False,False,False,False,False,True,False,False,False,False,True,False,"PAT_2016_4160_868.png"
"PAT_2017",4164,"Unknown","Unknown",17,"Male",0,"Chest",0.0,0.0,"NEV",False,False,False,False,False,False,False,False,True,False,False,False,True,False,"PAT_2017_4164_500.png"
"PAT_2018",4167,"Unknown","Unknown",68,"Male",0,"Face",0.0,0.0,"ACK",False,False,False,False,False,False,False,False,False,False,False,False,True,False,"PAT_2018_4167_11.png"
"PAT_202",307,"Italy","Unknown",77,"Female",3,"Nose",4.0,3.0,"BCC",False,False,False,True,True,True,False,True,True,False,False,True,True,True,"PAT_202_307_424.png"
"PAT_2020",4174,"Unknown","Unknown",74,"Female",0,"Hand",0.0,0.0,"ACK",False,False,False,False,False,False,False,False,False,False,False,False,False,False,"PAT_2020_4174_799.png"
"PAT_2021",4180,"Unknown","Unknown",39,"Female",0,"Face",0.0,0.0,"ACK",False,False,False,False,False,False,False,True,True,False,False,False,False,False,"PAT_2021_4180_381.png"
"PAT_2022",4184,"Unknown","Unknown",55,"Female",0,"Hand",0.0,0.0,"ACK",False,False,False,False,False,False,False,False,True,False,True,False,True,False,"PAT_2022_4184_111.png"
"PAT_215",330,"Germany","Germany",91,"Male",1,"Face",12.0,10.0,"SCC",False,False,False,True,True,True,True,True,True,False,True,True,True,True,"PAT_215_330_341.png"
"PAT_2024",4224,"Unknown","Unknown",73,"Female",0,"Hand",0.0,0.0,"ACK",False,False,False,False,False,False,False,True,False,False,False,False,False,False,"PAT_2024_4224_141.png"
"PAT_2025",4229,"Unknown","Unknown",63,"Female",0,"Back",0.0,0.0,"ACK",False,False,False,False,False,False,False,True,True,False,False,False,False,False,"PAT_2025_4229_541.png"
"PAT_2026",4230,"Unknown","Unknown",77,"Female",0,"Face",0.0,0.0,"ACK",False,False,False,False,False,False,False,False,False,False,False,False,False,False,"PAT_2026_4230_141.png"
"PAT_2030",4246,"Unknown","Unknown",65,"Female",0,"Forearm",0.0,0.0,"NEV",False,False,False,False,False,False,False,False,False,False,False,False,True,False,"PAT_2030_4246_973.png"
"PAT_2034",4268,"Unknown","Unknown",65,"Female",0,"Forearm",0.0,0.0,"ACK",False,False,False,False,False,False,False,True,False,False,False,False,False,False,"PAT_2034_4268_141.png"
"PAT_2036",4280,"Unknown","Unknown",72,"Female",0,"Ear",0.0,0.0,"ACK",False,False,False,False,False,False,False,True,False,False,False,False,False,False,"PAT_2036_4280_90.png"
"PAT_2039",4290,"Unknown","Unknown",58,"Female",0,"Forearm",0.0,0.0,"ACK",False,False,False,False,False,False,False,True,True,False,False,False,True,False,"PAT_2039_4290_273.png"
"PAT_2041",4298,"Unknown","Unknown",67,"Female",0,"Forearm",0.0,0.0,"ACK",False,False,False,False,False,False,False,True,False,False,False,False,False,False,"PAT_2041_4298_408.png"
"PAT_2042",4301,"Unknown","Unknown",54,"Female",0,"Chest",0.0,0.0,"NEV",False,False,False,False,False,False,False,True,True,False,False,False,True,False,"PAT_2042_4301_636.png"
"PAT_2043",4308,"Unknown","Unknown",72,"Male",0,"Forearm",0.0,0.0,"ACK",False,False,False,False,False,False,False,False,False,False,False,False,False,False,"PAT_2043_4308_681.png"
"PAT_2046",4323,"Unknown","Unknown",74,"Male",0,"Face",0.0,0.0,"SEK",False,False,False,False,False,False,False,False,True,False,False,False,True,False,"PAT_2046_4323_394.png"
"PAT_2048",4333,"Unknown","Unknown",86,"Male",0,"Neck",0.0,0.0,"SEK",False,False,False,False,False,False,False,True,False,False,False,False,True,False,"PAT_2048_4333_63.png"
"PAT_2049",4348,"Unknown","Unknown",51,"Male",0,"Arm",0.0,0.0,"SEK",False,False,False,False,False,False,False,False,False,False,False,False,True,False,"PAT_2049_4348_485.png"
"PAT_2050",4350,"Unknown","Unknown",71,"Male",0,"Forearm",0.0,0.0,"ACK",False,False,False,False,False,False,False,False,False,False,False,False,False,False,"PAT_2050_4350_36.png"
"PAT_2051",4356,"Unknown","Unknown",58,"Male",0,"Forearm",0.0,0.0,"ACK",False,False,False,False,False,False,False,True,False,False,False,False,False,False,"PAT_2051_4356_460.png"
"PAT_2053",4360,"Unknown","Unknown",78,"Male",0,"Face",0.0,0.0,"SEK",False,False,False,False,False,False,False,False,False,False,False,False,True,False,"PAT_2053_4360_281.png"
"PAT_2056",4364,"Unknown","Unknown",79,"Male",0,"Face",0.0,0.0,"SEK",False,False,False,False,False,False,False,True,True,False,False,False,True,False,"PAT_2056_4364_112.png"
"PAT_206",312,"Germany","Germany",47,"Male",2,"Chest",13.0,11.0,"BCC",False,True,False,True,True,True,True,True,False,True,False,True,False,True,"PAT_206_312_760.png"
"PAT_2061",4395,"Unknown","Unknown",69,"Male",0,"Face",0.0,0.0,"ACK",False,False,False,False,False,False,False,True,True,False,True,False,False,False,"PAT_2061_4395_587.png"
"PAT_2062",4397,"Unknown","Unknown",22,"Male",0,"Hand",0.0,0.0,"NEV",False,False,False,False,False,False,False,False,True,False,True,False,False,False,"PAT_2062_4397_39.png"
"PAT_2065",4413,"Unknown","Unknown",88,"Male",0,"Back",0.0,0.0,"SEK",False,False,False,False,False,False,False,False,True,False,False,False,True,False,"PAT_2065_4413_298.png"
"PAT_2066",4417,"Unknown","Unknown",53,"Male",0,"Face",0.0,0.0,"SEK",False,False,False,False,False,False,False,False,True,False,False,False,True,False,"PAT_2066_4417_201.png"
"PAT_2068",4424,"Unknown","Unknown",73,"Male",0,"Arm",0.0,0.0,"ACK",False,False,False,False,False,False,False,True,False,False,False,False,False,False,"PAT_2068_4424_995.png"
"PAT_207",3951,"Portugal","Portugal",80,"Male",3,"Chest",15.0,12.0,"ACK",True,False,False,False,True,True,True,False,False,False,False,False,False,False,"PAT_207_3951_140.png"
"PAT_2070",4430,"Unknown","Unknown",58,"Male",0,"Arm",0.0,0.0,"ACK",False,False,False,False,False,False,False,False,False,False,False,False,False,False,"PAT_2070_4430_290.png"
"PAT_2071",4433,"Unknown","Unknown",57,"Male",0,"Face",0.0,0.0,"ACK",False,False,False,False,False,False,False,False,True,False,False,False,True,False,"PAT_2071_4433_848.png"
"PAT_2076",4459,"Unknown","Unknown",66,"Male",0,"Face",0.0,0.0,"ACK",False,False,False,False,False,False,False,False,False,False,False,False,False,False,"PAT_2076_4459_450.png"
"PAT_2077",4463,"Unknown","Unknown",43,"Male",0,"Hand",0.0,0.0,"ACK",False,False,False,False,False,False,False,False,False,False,False,True,True,False,"PAT_2077_4463_77.png"
"PAT_2079",4480,"Unknown","Unknown",61,"Male",0,"Thigh",0.0,0.0,"ACK",False,False,False,False,False,False,False,True,True,False,False,False,True,False,"PAT_2079_4480_586.png"
"PAT_208",314,"Germany","Germany",66,"Male",2,"Face",7.0,7.0,"BCC",False,False,False,True,False,False,False,True,True,False,False,True,True,True,"PAT_208_314_741.png"
"PAT_2080",4484,"Unknown","Unknown",13,"Male",0,"Neck",0.0,0.0,"NEV",False,False,False,False,False,False,False,False,True,False,False,False,False,False,"PAT_2080_4484_997.png"
"PAT_2081",4488,"Unknown","Unknown",61,"Male",0,"Forearm",0.0,0.0,"ACK",False,False,False,False,False,False,False,False,False,False,False,False,False,False,"PAT_2081_4488_57.png"
"PAT_2082",4491,"Unknown","Unknown",46,"Male",0,"Face",0.0,0.0,"ACK",False,False,False,False,False,False,False,True,False,False,False,False,False,False,"PAT_2082_4491_519.png"
"PAT_2085",4506,"Unknown","Unknown",63,"Male",0,"Face",0.0,0.0,"SEK",False,False,False,False,False,False,False,False,True,False,False,False,False,False,"PAT_2085_4506_726.png"
"PAT_2088",4524,"Unknown","Unknown",9,"Male",0,"Chest",0.0,0.0,"NEV",False,False,False,False,False,False,False,False,False,False,False,False,False,False,"PAT_2088_4524_465.png"
"PAT_2089",4529,"Unknown","Unknown",68,"Male",0,"Face",0.0,0.0,"ACK",False,False,False,False,False,False,False,False,True,False,False,False,False,False,"PAT_2089_4529_762.png"
"PAT_2090",4532,"Unknown","Unknown",60,"Male",0,"Lip",0.0,0.0,"ACK",False,False,False,False,False,False,False,False,True,False,False,False,False,False,"PAT_2090_4532_178.png"
"PAT_2092",4537,"Unknown","Unknown",68,"Male",0,"Chest",0.0,0.0,"SEK",False,False,False,False,False,False,False,False,True,False,False,False,True,False,"PAT_2092_4537_438.png"
"PAT_2093",4542,"Unknown","Unknown",81,"Male",0,"Forearm",0.0,0.0,"ACK",False,False,False,False,False,False,False,False,False,False,False,False,False,False,"PAT_2093_4542_192.png"
"PAT_2097",4557,"Unknown","Unknown",37,"Male",0,"Ear",0.0,0.0,"NEV",False,False,False,False,False,False,False,False,True,False,False,False,True,False,"PAT_2097_4557_241.png"
"PAT_2098",4559,"Unknown","Unknown",67,"Male",0,"Chest",0.0,0.0,"ACK",False,False,False,False,False,False,False,True,False,False,False,False,False,False,"PAT_2098_4559_436.png"
"PAT_2099",4562,"Unknown","Unknown",27,"Male",0,"Face",0.0,0.0,"NEV",False,False,False,False,False,False,False,False,False,False,False,False,True,False,"PAT_2099_4562_100.png"
"PAT_210",316,"Germany","Portugal",38,"Male",3,"Lip",10.0,5.0,"ACK",False,True,False,True,True,True,True,True,True,True,False,True,True,True,"PAT_210_316_401.png"
"PAT_2102",4575,"Unknown","Unknown",66,"Male",0,"Face",0.0,0.0,"ACK",False,False,False,False,False,False,False,False,False,False,False,False,False,False,"PAT_2102_4575_616.png"
"PAT_2103",4581,"Unknown","Unknown",18,"Male",0,"Thigh",0.0,0.0,"NEV",False,False,False,False,False,False,False,True,True,False,True,False,True,False,"PAT_2103_4581_72.png"
"PAT_2105",4587,"Unknown","Unknown",55,"Male",0,"Forearm",0.0,0.0,"ACK",False,False,False,False,False,False,False,False,False,False,False,False,False,False,"PAT_2105_4587_204.png"
"PAT_2106",4590,"Unknown","Unknown",60,"Male",0,"Forearm",0.0,0.0,"ACK",False,False,False,False,False,False,False,False,False,False,False,False,False,False,"PAT_2106_4590_227.png"
"PAT_2107",4595,"Unknown","Unknown",69,"Male",0,"Forearm",0.0,0.0,"ACK",False,False,False,False,False,False,False,True,True,False,False,False,False,False,"PAT_2107_4595_381.png"
"PAT_2108",4596,"Unknown","Unknown",65,"Male",0,"Forearm",0.0,0.0,"SEK",False,False,False,False,False,False,False,True,False,False,False,False,False,False,"PAT_2108_4596_837.png"
"PAT_2109",4598,"Unknown","Unknown",55,"Male",0,"Face",0.0,0.0,"SEK",False,False,False,False,False,False,False,True,True,False,True,False,True,False,"PAT_2109_4598_112.png"
"PAT_211",319,"Germany","Germany",72,"Male",3,"Chest",20.0,18.0,"BCC",False,False,True,False,False,False,False,True,True,False,False,True,True,True,"PAT_211_319_777.png"
"PAT_2113",4607,"Unknown","Unknown",62,"Male",0,"Back",0.0,0.0,"SEK",False,False,False,False,False,False,False,False,False,False,False,False,False,False,"PAT_2113_4607_329.png"
"PAT_2114",4609,"Unknown","Unknown",70,"Male",0,"Nose",0.0,0.0,"ACK",False,False,False,False,False,False,False,True,False,False,False,False,True,False,"PAT_2114_4609_615.png"
"PAT_2115",4613,"Unknown","Unknown",33,"Male",0,"Hand",0.0,0.0,"ACK",False,False,False,False,False,False,False,False,False,False,False,False,True,False,"PAT_2115_4613_260.png"
"PAT_2116",4614,"Unknown","Unknown",43,"Male",0,"Forearm",0.0,0.0,"ACK",False,False,False,False,False,False,False,True,False,False,False,False,True,False,"PAT_2116_4614_671.png"
"PAT_2119",4625,"Unknown","Unknown",58,"Male",0,"Chest",0.0,0.0,"ACK",False,False,False,False,False,False,False,True,False,False,False,False,False,False,"PAT_2119_4625_733.png"
"PAT_212",327,"Brazil","Brazil",70,"Male",2,"Face",12.0,9.0,"BCC",True,False,False,True,False,False,False,True,True,False,False,False,True,True,"PAT_212_327_532.png"
"PAT_2122",4642,"Unknown","Unknown",62,"Male",0,"Arm",0.0,0.0,"ACK",False,False,False,False,False,False,False,False,False,False,False,False,False,False,"PAT_2122_4642_680.png"
"PAT_2123",4647,"Unknown","Unknown",81,"Male",0,"Forearm",0.0,0.0,"ACK",False,False,False,False,False,False,False,False,False,False,False,False,False,False,"PAT_2123_4647_95.png"
"PAT_2124",4650,"Unknown","Unknown",64,"Male",0,"Face",0.0,0.0,"ACK",False,False,False,False,False,False,False,True,True,False,True,False,False,False,"PAT_2124_4650_575.png"
"PAT_2125",4653,"Unknown","Unknown",10,"Male",0,"Forearm",0.0,0.0,"NEV",False,False,False,False,False,False,False,False,True,False,True,False,False,False,"PAT_2125_4653_497.png"
"PAT_2126",4654,"Unknown","Unknown",45,"Male",0,"Arm",0.0,0.0,"ACK",False,False,False,False,False,False,False,True,True,False,False,False,False,False,"PAT_2126_4654_644.png"
"PAT_2127",4662,"Unknown","Unknown",44,"Male",0,"Back",0.0,0.0,"NEV",False,False,False,False,False,False,False,False,False,True,False,False,True,False,"PAT_2127_4662_596.png"
"PAT_2128",4676,"Unknown","Unknown",53,"Male",0,"Thigh",0.0,0.0,"ACK",False,False,False,False,False,False,False,False,False,False,False,False,True,False,"PAT_2128_4676_965.png"
"PAT_2129",4680,"Unknown","Unknown",47,"Male",0,"Abdomen",0.0,0.0,"NEV",False,False,False,False,False,False,False,False,True,False,False,False,False,False,"PAT_2129_4680_110.png"
"PAT_213",328,"Unknown","Unknown",81,"Male",3,"Face",3.0,3.0,"NEV",False,False,False,False,True,True,False,False,True,False,False,False,False,True,"PAT_213_328_117.png"
"PAT_2131",4683,"Unknown","Unknown",69,"Male",0,"Forearm",0.0,0.0,"ACK",False,False,False,False,False,False,False,False,True,False,True,False,True,False,"PAT_2131_4683_112.png"
"PAT_214",329,"Germany","Unknown",73,"Male",2,"Forearm",15.0,10.0,"BCC",False,False,True,True,False,False,True,True,False,True,False,True,True,True,"PAT_214_329_70.png"
"PAT_2140",4726,"Unknown","Unknown",45,"Male",0,"Neck",0.0,0.0,"ACK",False,False,False,False,False,False,False,True,False,False,False,False,True,False,"PAT_2140_4726_141.png"
"PAT_2142",4733,"Unknown","Unknown",41,"Male",0,"Back",0.0,0.0,"NEV",False,False,False,False,False,False,False,False,False,False,False,False,False,False,"PAT_2142_4733_13.png"
"PAT_2143",4736,"Unknown","Unknown",82,"Male",0,"Forearm",0.0,0.0,"ACK",False,False,False,False,False,False,False,False,False,False,False,False,True,False,"PAT_2143_4736_227.png"
"PAT_2144",4738,"Unknown","Unknown",35,"Male",0,"Back",0.0,0.0,"NEV",False,False,False,False,False,False,False,False,False,False,False,False,True,False,"PAT_2144_4738_120.png"
"PAT_2150",4766,"Unknown","Unknown",40,"Male",0,"Hand",0.0,0.0,"ACK",False,False,False,False,False,False,False,False,False,False,False,False,False,False,"PAT_2150_4766_754.png"
"PAT_2151",4779,"Unknown","Unknown",69,"Male",0,"Face",0.0,0.0,"SEK",False,False,False,False,False,False,False,True,True,False,False,False,False,False,"PAT_2151_4779_515.png"
"PAT_2152",4781,"Unknown","Unknown",59,"Male",0,"Face",0.0,0.0,"SEK",False,False,False,False,False,False,False,True,True,False,False,False,False,False,"PAT_2152_4781_332.png"
"PAT_2153",4782,"Unknown","Unknown",66,"Male",0,"Face",0.0,0.0,"ACK",False,False,False,False,False,False,False,True,True,False,False,False,False,False,"PAT_2153_4782_321.png"
"PAT_2154",4783,"Unknown","Unknown",45,"Male",0,"Face",0.0,0.0,"ACK",False,False,False,False,False,False,False,True,True,False,False,False,False,False,"PAT_2154_4783_625.png"
"PAT_2155",4784,"Unknown","Unknown",39,"Male",0,"Back",0.0,0.0,"SEK",False,False,False,False,False,False,False,False,True,False,False,False,False,False,"PAT_2155_4784_483.png"
"PAT_2157",4789,"Unknown","Unknown",60,"Male",0,"Forearm",0.0,0.0,"ACK",False,False,False,False,False,False,False,False,False,False,False,False,False,False,"PAT_2157_4789_969.png"
"PAT_2159",4792,"Unknown","Unknown",35,"Male",0,"Scalp",0.0,0.0,"NEV",False,False,False,False,False,False,False,False,True,False,False,False,False,False,"PAT_2159_4792_718.png"
"PAT_216",331,"Pomerania","Pomerania",71,"Male",3,"Forearm",10.0,6.0,"SCC",True,True,False,False,False,False,True,False,False,False,False,False,False,True,"PAT_216_331_678.png"
"PAT_2160",4814,"Unknown","Unknown",76,"Male",0,"Chest",0.0,0.0,"ACK",False,False,False,False,False,False,False,False,False,False,False,False,False,False,"PAT_2160_4814_243.png"
"PAT_2161",4818,"Unknown","Unknown",6,"Male",0,"Back",0.0,0.0,"NEV",False,False,False,False,False,False,False,False,True,False,False,False,True,False,"PAT_2161_4818_501.png"
"PAT_2162",4820,"Unknown","Unknown",32,"Male",0,"Back",0.0,0.0,"NEV",False,False,False,False,False,False,False,False,False,False,False,False,True,False,"PAT_2162_4820_913.png"
"PAT_221",339,"Pomerania","Pomerania",66,"Female",3,"Face",9.0,6.0,"BCC",False,False,True,True,False,False,False,True,True,False,False,False,True,True,"PAT_221_339_566.png"
"PAT_223",341,"Germany","Brazil",73,"Female",3,"Nose",4.0,3.0,"BCC",False,False,True,True,True,True,False,True,True,False,False,True,True,True,"PAT_223_341_187.png"
"PAT_224",1340,"Germany","Pomerania",71,"Male",2,"Ear",30.0,20.0,"ACK",True,False,False,True,False,False,True,True,True,True,False,True,False,True,"PAT_224_1340_551.png"
"PAT_225",345,"Portugal","Spain",68,"Male",4,"Chest",10.0,8.0,"ACK",True,False,False,True,True,True,False,True,False,False,False,False,False,True,"PAT_225_345_903.png"
"PAT_227",347,"Germany","Germany",82,"Male",2,"Face",8.0,5.0,"SCC",False,False,False,True,True,True,True,True,False,True,False,True,True,True,"PAT_227_347_19.png"
"PAT_228",348,"Unknown","Unknown",43,"Female",3,"Chest",4.0,3.0,"BCC",False,False,True,True,False,False,False,True,True,False,False,True,True,True,"PAT_228_348_535.png"
"PAT_229",349,"Pomerania","Pomerania",74,"Male",3,"Nose",10.0,8.0,"BCC",False,True,True,True,False,False,False,True,False,False,False,True,True,True,"PAT_229_349_256.png"
"PAT_230",351,"Pomerania","Pomerania",73,"Female",2,"Forearm",9.0,6.0,"ACK",False,False,False,False,False,False,False,True,False,False,False,False,False,True,"PAT_230_351_720.png"
"PAT_233",354,"Pomerania","Pomerania",58,"Female",2,"Arm",9.0,4.0,"MEL",False,False,True,True,False,False,True,False,True,False,True,False,True,True,"PAT_233_354_935.png"
"PAT_236",361,"Pomerania","Pomerania",55,"Male",3,"Chest",6.0,5.0,"ACK",False,True,True,True,False,False,True,True,False,False,False,False,True,True,"PAT_236_361_180.png"
"PAT_237",362,"Pomerania","Pomerania",77,"Male",2,"Ear",6.0,6.0,"BCC",False,False,True,False,False,False,False,True,False,True,False,True,False,True,"PAT_237_362_909.png"
"PAT_238",364,"Pomerania","Pomerania",81,"Female",2,"Foot",16.0,14.0,"ACK",False,False,False,False,False,False,False,True,False,False,False,False,False,True,"PAT_238_364_387.png"
"PAT_241",367,"Germany","Germany",83,"Male",2,"Chest",32.0,13.0,"BCC",False,False,False,True,False,False,True,True,True,True,False,True,True,True,"PAT_241_367_89.png"
"PAT_243",372,"Pomerania","Pomerania",26,"Female",3,"Chest",9.0,6.0,"BCC",False,False,True,True,False,False,True,True,False,True,False,True,True,True,"PAT_243_372_119.png"
"PAT_244",374,"Unknown","Unknown",35,"Male",4,"Chest",6.0,5.0,"NEV",False,False,False,True,True,True,True,False,True,False,True,False,True,True,"PAT_244_374_726.png"
"PAT_245",376,"Brazil","Germany",71,"Male",3,"Back",30.0,20.0,"BCC",False,True,False,True,True,True,False,True,True,False,False,True,False,True,"PAT_245_376_24.png"
"PAT_246",377,"Pomerania","Pomerania",33,"Male",2,"Arm",11.0,10.0,"ACK",False,True,True,True,True,True,True,False,False,False,False,False,False,True,"PAT_246_377_159.png"
"PAT_248",379,"Germany","Pomerania",42,"Female",2,"Forearm",9.0,2.0,"BCC",False,False,True,True,True,True,False,True,True,False,False,False,True,True,"PAT_248_379_695.png"
"PAT_249",380,"Germany","Germany",62,"Male",3,"Forearm",6.0,4.0,"ACK",False,False,False,True,True,True,False,False,False,False,False,False,False,True,"PAT_249_380_366.png"
"PAT_251",382,"Italy","Italy",91,"Female",2,"Face",10.0,8.0,"BCC",False,False,False,True,False,False,False,True,True,True,False,True,True,True,"PAT_251_382_164.png"
"PAT_252",383,"Italy","Italy",75,"Female",2,"Forearm",15.0,13.0,"BCC",False,False,False,True,False,False,False,False,True,False,False,True,True,True,"PAT_252_383_31.png"
"PAT_253",384,"Austria","Germany",47,"Male",2,"Face",10.0,10.0,"BCC",False,True,True,True,False,False,True,True,True,False,False,True,True,True,"PAT_253_384_607.png"
"PAT_255",388,"Germany","Germany",68,"Male",2,"Forearm",11.0,8.0,"BCC",False,False,False,True,False,False,True,True,True,False,False,True,True,True,"PAT_255_388_77.png"
"PAT_256",295,"Pomerania","Pomerania",90,"Female",1,"Back",7.0,4.0,"SEK",False,False,True,True,True,True,False,False,True,False,False,False,True,False,"PAT_256_295_583.png"
"PAT_258",397,"Germany","Pomerania",62,"Male",2,"Chest",1.0,1.0,"BCC",False,False,False,False,False,False,True,True,False,True,False,True,True,True,"PAT_258_397_198.png"
"PAT_259",399,"Pomerania","Pomerania",92,"Female",1,"Nose",5.0,3.0,"SCC",False,False,False,True,False,False,False,True,True,False,False,False,True,True,"PAT_259_399_801.png"
"PAT_260",1289,"Pomerania","Pomerania",78,"Female",1,"Face",10.0,10.0,"ACK",False,False,True,True,False,False,True,True,False,False,False,False,False,False,"PAT_260_1289_396.png"
"PAT_262",402,"Germany","Germany",41,"Female",2,"Arm",22.0,15.0,"MEL",False,False,False,False,False,False,True,True,True,False,True,False,False,True,"PAT_262_402_14.png"
"PAT_263",404,"Pomerania","Pomerania",83,"Male",1,"Forearm",8.0,8.0,"ACK",False,False,False,True,False,False,False,True,False,False,False,False,True,True,"PAT_263_404_410.png"
"PAT_265",406,"Pomerania","Pomerania",44,"Male",2,"Back",11.0,9.0,"BCC",False,False,True,False,False,False,True,True,False,False,False,False,True,True,"PAT_265_406_276.png"
"PAT_267",412,"Pomerania","Pomerania",79,"Male",2,"Face",17.0,12.0,"BCC",False,False,False,False,False,False,False,True,True,False,False,False,True,True,"PAT_267_412_275.png"
"PAT_269",415,"Pomerania","Pomerania",58,"Male",2,"Chest",20.0,18.0,"BCC",False,True,False,False,False,False,True,True,True,True,False,True,True,True,"PAT_269_415_103.png"
"PAT_270",1386,"Pomerania","Pomerania",90,"Female",1,"Face",13.0,7.0,"ACK",False,False,False,True,False,False,False,True,True,False,False,False,False,False,"PAT_270_1386_755.png"
"PAT_271",418,"Germany","Germany",79,"Female",2,"Chest",12.0,10.0,"SCC",False,False,False,True,True,True,False,True,False,True,False,False,True,True,"PAT_271_418_92.png"
"PAT_272",419,"Pomerania","Pomerania",83,"Female",2,"Face",15.0,12.0,"BCC",False,False,False,False,False,False,False,False,False,False,False,False,True,True,"PAT_272_419_906.png"
"PAT_274",423,"Pomerania","Pomerania",84,"Female",3,"Nose",6.0,4.0,"BCC",False,False,False,True,False,False,False,True,True,True,False,False,True,True,"PAT_274_423_374.png"
"PAT_275",424,"Pomerania","Pomerania",71,"Female",2,"Face",20.0,16.0,"BCC",False,False,False,False,True,True,False,True,False,False,False,True,True,True,"PAT_275_424_966.png"
"PAT_276",425,"Pomerania","Pomerania",52,"Female",2,"Arm",5.0,3.0,"ACK",False,False,True,False,False,False,True,False,False,False,False,False,True,True,"PAT_276_425_539.png"
"PAT_277",426,"Pomerania","Pomerania",65,"Female",2,"Face",7.0,6.0,"SCC",False,False,True,True,False,False,False,True,True,True,False,True,True,True,"PAT_277_426_825.png"
"PAT_279",429,"Pomerania","Pomerania",51,"Male",2,"Chest",23.0,13.0,"BCC",False,True,False,True,False,False,True,True,False,True,False,True,True,True,"PAT_279_429_142.png"
"PAT_280",431,"Pomerania","Pomerania",53,"Male",2,"Face",8.0,7.0,"BCC",False,False,True,False,False,False,True,True,True,False,False,True,True,True,"PAT_280_431_466.png"
"PAT_281",1516,"Pomerania","Pomerania",61,"Male",3,"Hand",2.0,2.0,"ACK",False,False,True,False,False,False,False,True,False,False,False,False,False,False,"PAT_281_1516_753.png"
"PAT_282",433,"Pomerania","Pomerania",55,"Male",2,"Neck",6.0,5.0,"BCC",False,True,False,False,False,False,True,True,True,True,False,True,True,True,"PAT_282_433_934.png"
"PAT_286",1458,"Pomerania","Pomerania",55,"Female",2,"Arm",5.0,5.0,"ACK",False,False,True,False,False,False,True,True,False,False,False,False,False,False,"PAT_286_1458_381.png"
"PAT_287",440,"Pomerania","Pomerania",70,"Female",2,"Forearm",10.0,9.0,"ACK",False,False,True,True,True,True,True,False,True,False,False,False,True,True,"PAT_287_440_729.png"
"PAT_288",441,"Pomerania","Pomerania",57,"Female",1,"Face",9.0,7.0,"BCC",False,False,True,True,False,False,True,True,True,False,True,True,True,True,"PAT_288_441_312.png"
"PAT_289",1399,"Pomerania","Pomerania",56,"Male",2,"Forearm",6.0,4.0,"ACK",True,False,False,True,False,False,True,True,False,False,False,False,False,False,"PAT_289_1399_481.png"
"PAT_290",445,"Pomerania","Pomerania",54,"Male",2,"Arm",15.0,12.0,"BCC",False,True,True,True,False,False,True,True,True,True,False,True,True,True,"PAT_290_445_988.png"
"PAT_291",446,"Brazil","Italy",58,"Male",4,"Nose",10.0,10.0,"BCC",False,True,True,False,False,False,False,True,False,True,False,True,False,True,"PAT_291_446_704.png"
"PAT_294",638,"Brazil","Brazil",78,"Male",4,"Face",12.0,11.0,"BCC",False,False,False,True,True,True,True,True,True,False,False,True,True,True,"PAT_294_638_564.png"
"PAT_295",639,"Unknown","Unknown",62,"Female",2,"Chest",7.0,6.0,"BCC",False,False,True,True,False,False,False,True,True,True,False,False,True,True,"PAT_295_639_240.png"
"PAT_296",640,"Italy","Italy",68,"Female",2,"Face",9.0,8.0,"SCC",False,False,True,True,True,True,False,True,True,True,False,False,True,True,"PAT_296_640_206.png"
"PAT_297",4307,"Italy","Italy",62,"Female",3,"Chest",5.0,4.0,"NEV",False,False,True,True,True,True,False,False,False,False,False,False,True,False,"PAT_297_4307_924.png"
"PAT_300",648,"Germany","Germany",62,"Female",2,"Thigh",5.0,4.0,"ACK",True,False,True,True,False,False,False,False,False,False,False,False,True,True,"PAT_300_648_84.png"
"PAT_302",651,"Germany","Germany",64,"Male",2,"Face",10.0,10.0,"BCC",True,False,True,True,True,True,True,True,True,True,False,True,True,True,"PAT_302_651_529.png"
"PAT_303",652,"Italy","Italy",64,"Male",2,"Forearm",26.0,18.0,"BCC",True,True,False,False,True,True,True,True,False,True,False,True,True,True,"PAT_303_652_342.png"
"PAT_304",4186,"Brazil","Germany",81,"Male",2,"Scalp",8.0,8.0,"ACK",False,False,False,True,True,True,False,False,False,False,False,False,False,False,"PAT_304_4186_458.png"
"PAT_305",655,"Italy","Italy",79,"Male",2,"Face",5.0,4.0,"BCC",False,False,False,False,True,True,False,True,False,True,False,False,True,True,"PAT_305_655_30.png"
"PAT_306",1646,"Italy","Italy",87,"Male",2,"Forearm",10.0,10.0,"ACK",False,False,False,False,True,True,True,True,False,False,False,True,True,False,"PAT_306_1646_903.png"
"PAT_307",659,"Italy","Italy",77,"Female",2,"Lip",10.0,3.0,"SCC",False,False,False,False,False,False,False,True,False,True,False,False,True,True,"PAT_307_659_85.png"
"PAT_309",663,"Unknown","Germany",89,"Female",2,"Nose",8.0,7.0,"ACK",False,False,True,True,True,True,False,True,False,True,False,True,True,True,"PAT_309_663_812.png"
"PAT_311",666,"Italy","Germany",66,"Female",2,"Chest",8.0,6.0,"SCC",True,False,False,True,True,True,False,True,False,False,False,False,True,True,"PAT_311_666_191.png"
"PAT_313",669,"Germany","Germany",85,"Female",2,"Face",10.0,9.0,"BCC",False,False,True,True,True,True,True,True,True,True,False,False,True,True,"PAT_313_669_908.png"
"PAT_314",672,"Germany","Germany",73,"Male",2,"Chest",5.0,3.0,"BCC",False,True,False,False,True,True,True,True,False,False,False,False,True,True,"PAT_314_672_909.png"
"PAT_315",673,"Pomerania","Germany",22,"Female",3,"Chest",6.0,3.0,"BCC",False,False,True,False,False,False,True,True,False,False,False,True,True,True,"PAT_315_673_227.png"
"PAT_316",674,"Germany","Germany",79,"Female",3,"Nose",9.0,8.0,"BCC",False,False,True,False,False,True,False,True,True,True,False,False,True,True,"PAT_316_674_924.png"
"PAT_317",675,"Unknown","Unknown",65,"Female",3,"Nose",7.0,5.0,"ACK",False,False,True,True,True,True,False,False,False,False,False,False,False,True,"PAT_317_675_144.png"
"PAT_318",677,"Pomerania","Pomerania",60,"Female",2,"Nose",5.0,4.0,"BCC",False,True,True,False,False,False,False,True,False,False,False,True,False,True,"PAT_318_677_278.png"
"PAT_319",680,"Germany","Germany",62,"Female",2,"Chest",11.0,6.0,"SCC",True,False,True,True,True,True,False,True,True,False,False,True,True,True,"PAT_319_680_832.png"
"PAT_320",681,"Italy","Germany",70,"Male",3,"Face",9.0,9.0,"MEL",False,True,False,False,False,False,True,False,True,False,True,False,False,True,"PAT_320_681_724.png"
"PAT_321",682,"Germany","Germany",85,"Female",2,"Face",7.0,7.0,"SCC",False,False,False,True,False,False,False,True,False,True,False,False,True,True,"PAT_321_682_236.png"
"PAT_325",689,"Italy","Italy",55,"Female",3,"Back",11.0,7.0,"SCC",False,False,False,True,True,True,False,True,False,False,False,False,True,True,"PAT_325_689_528.png"
"PAT_326",690,"Pomerania","Pomerania",58,"Female",3,"Face",5.0,4.0,"BCC",False,False,True,True,False,False,True,True,False,False,False,False,True,True,"PAT_326_690_797.png"
"PAT_328",1738,"Unknown","Italy",81,"Male",4,"Forearm",10.0,7.0,"ACK",False,False,False,False,True,True,False,True,False,False,False,False,False,False,"PAT_328_1738_890.png"
"PAT_330",698,"Italy","Italy",71,"Male",2,"Chest",15.0,14.0,"BCC",False,False,False,False,True,True,False,True,False,True,False,False,True,True,"PAT_330_698_211.png"
"PAT_333",1469,"Italy","Germany",51,"Female",3,"Back",6.0,4.0,"NEV",False,False,True,True,True,True,False,False,True,False,True,False,False,True,"PAT_333_1469_499.png"
"PAT_334",703,"Italy","Italy",31,"Male",2,"Back",6.0,4.0,"BCC",False,True,False,False,False,False,True,True,True,True,False,False,True,True,"PAT_334_703_907.png"
"PAT_336",705,"Italy","Italy",60,"Female",3,"Chest",6.0,5.0,"BCC",False,False,False,True,False,False,False,True,False,False,False,False,True,True,"PAT_336_705_711.png"
"PAT_337",706,"Germany","Germany",50,"Male",2,"Chest",35.0,27.0,"BCC",False,False,True,True,False,False,True,True,False,True,False,False,True,True,"PAT_337_706_254.png"
"PAT_338",710,"Germany","Germany",81,"Female",1,"Thigh",15.0,12.0,"SCC",False,False,True,False,True,True,False,True,True,False,True,False,False,True,"PAT_338_710_319.png"
"PAT_340",714,"Italy","Italy",54,"Female",4,"Back",14.0,12.0,"MEL",False,True,False,True,True,True,False,True,True,False,True,False,True,True,"PAT_340_714_68.png"
"PAT_341",715,"Brazil","Brazil",27,"Female",4,"Hand",6.0,5.0,"NEV",False,True,False,True,False,False,False,False,False,False,False,False,False,True,"PAT_341_715_180.png"
"PAT_346",720,"Germany","Germany",63,"Male",3,"Chest",8.0,8.0,"BCC",False,True,True,True,True,True,False,True,False,True,False,True,True,True,"PAT_346_720_265.png"
"PAT_351",728,"Germany","Germany",54,"Male",3,"Face",4.0,3.0,"BCC",False,True,True,True,True,True,True,True,True,False,False,True,True,True,"PAT_351_728_683.png"
"PAT_352",729,"Unknown","Brazil",21,"Female",5,"Face",10.0,9.0,"NEV",False,False,False,True,True,True,False,False,True,False,False,False,False,True,"PAT_352_729_947.png"
"PAT_354",1817,"Germany","Italy",65,"Male",2,"Chest",6.0,4.0,"SEK",False,False,True,True,True,True,False,True,False,False,False,False,True,False,"PAT_354_1817_500.png"
"PAT_355",732,"Pomerania","Pomerania",80,"Male",2,"Neck",5.0,5.0,"BCC",False,False,False,False,True,True,False,True,True,False,False,False,True,True,"PAT_355_732_625.png"
"PAT_356",736,"Germany","Unknown",58,"Male",2,"Forearm",15.0,12.0,"BCC",False,True,True,False,False,False,True,True,True,False,True,False,True,True,"PAT_356_736_188.png"
"PAT_357",737,"Germany","Germany",71,"Male",2,"Face",6.0,5.0,"BCC",False,False,False,True,False,False,False,True,True,False,False,True,True,True,"PAT_357_737_77.png"
"PAT_358",738,"Pomerania","Pomerania",60,"Male",2,"Chest",8.0,6.0,"BCC",False,True,True,False,False,False,True,True,False,False,False,False,True,True,"PAT_358_738_837.png"
"PAT_359",4450,"Italy","Italy",54,"Female",3,"Forearm",10.0,10.0,"ACK",False,False,True,True,True,True,False,False,False,False,False,False,False,False,"PAT_359_4450_86.png"
"PAT_360",742,"Italy","Italy",68,"Male",2,"Forearm",10.0,8.0,"SCC",True,True,True,True,False,False,False,True,True,False,False,False,True,True,"PAT_360_742_782.png"
"PAT_361",1568,"Pomerania","Pomerania",71,"Male",3,"Face",10.0,9.0,"SCC",False,False,True,False,False,False,True,False,False,False,False,False,False,True,"PAT_361_1568_456.png"
"PAT_362",744,"Italy","Italy",83,"Male",2,"Face",6.0,3.0,"BCC",True,True,True,False,False,False,False,True,False,True,False,False,True,True,"PAT_362_744_283.png"
"PAT_364",749,"Germany","Portugal",66,"Female",2,"Back",20.0,16.0,"BCC",True,False,True,False,False,False,False,True,False,True,False,True,True,True,"PAT_364_749_377.png"
"PAT_365",751,"Germany","Germany",70,"Male",2,"Face",11.0,9.0,"SCC",False,True,False,True,True,True,False,True,True,False,False,False,True,True,"PAT_365_751_709.png"
"PAT_366",752,"Germany","Italy",71,"Male",3,"Chest",14.0,10.0,"BCC",False,False,True,True,False,False,True,True,True,True,False,True,True,True,"PAT_366_752_782.png"
"PAT_368",2427,"Pomerania","Pomerania",50,"Male",2,"Forearm",9.0,6.0,"ACK",False,False,False,True,False,False,True,True,False,False,False,False,False,False,"PAT_368_2427_803.png"
"PAT_369",755,"Germany","Poland",77,"Female",2,"Ear",16.0,15.0,"SCC",False,False,False,True,False,False,False,False,True,False,False,False,True,True,"PAT_369_755_391.png"
"PAT_370",2558,"Germany","Germany",62,"Male",3,"Forearm",11.0,8.0,"ACK",True,True,True,True,False,False,True,True,False,False,False,True,False,False,"PAT_370_2558_175.png"
"PAT_372",760,"Germany","Germany",88,"Female",2,"Ear",13.0,10.0,"BCC",False,False,True,True,False,False,False,True,True,True,False,True,True,True,"PAT_372_760_267.png"
"PAT_373",761,"Brazil","Germany",80,"Male",4,"Face",7.0,5.0,"BCC",False,False,False,True,True,True,False,True,True,False,False,True,True,True,"PAT_373_761_708.png"
"PAT_374",762,"Germany","Germany",77,"Female",2,"Nose",6.0,6.0,"ACK",False,False,False,True,True,True,False,True,True,True,False,True,True,True,"PAT_374_762_794.png"
"PAT_375",763,"Italy","Italy",52,"Male",2,"Chest",9.0,5.0,"BCC",False,True,True,True,False,False,True,True,True,True,False,True,True,True,"PAT_375_763_732.png"
"PAT_378",770,"Brazil","Brazil",71,"Male",2,"Face",7.0,6.0,"BCC",True,True,False,True,False,False,False,True,False,True,False,True,True,True,"PAT_378_770_302.png"
"PAT_379",1531,"Pomerania","Pomerania",60,"Male",1,"Chest",22.0,15.0,"BCC",False,False,False,True,False,False,True,True,True,True,False,True,True,True,"PAT_379_1531_17.png"
"PAT_38",54,"Germany","Germany",52,"Male",1,"Thigh",14.0,12.0,"BCC",False,False,True,True,True,False,True,True,False,False,False,False,False,True,"PAT_38_54_234.png"
"PAT_380",1540,"Netherlands","Germany",60,"Male",2,"Nose",3.0,3.0,"SCC",False,False,False,True,True,True,True,True,False,False,False,False,False,True,"PAT_380_1540_959.png"
"PAT_381",775,"Germany","Germany",59,"Male",3,"Back",18.0,18.0,"BCC",False,True,False,False,False,False,True,True,True,True,False,True,True,True,"PAT_381_775_566.png"
"PAT_384",782,"Pomerania","Pomerania",59,"Female",3,"Foot",11.0,10.0,"ACK",False,False,False,False,False,False,True,False,False,False,False,False,True,True,"PAT_384_782_292.png"
"PAT_385",783,"Pomerania","Pomerania",39,"Female",2,"Neck",13.0,10.0,"BCC",False,False,True,True,False,False,True,True,True,False,False,True,False,True,"PAT_385_783_574.png"
"PAT_386",1554,"Pomerania","Pomerania",67,"Male",2,"Forearm",15.0,10.0,"BCC",True,False,True,False,True,True,False,True,True,False,True,True,False,True,"PAT_386_1554_362.png"
"PAT_387",786,"Brazil","Italy",57,"Male",2,"Back",23.0,20.0,"SCC",False,False,False,True,False,False,True,True,True,False,False,True,False,True,"PAT_387_786_213.png"
"PAT_388",1590,"Italy","Italy",51,"Female",1,"Back",12.0,8.0,"BCC",False,False,True,False,False,False,False,False,False,False,False,False,False,True,"PAT_388_1590_518.png"
"PAT_389",2600,"Pomerania","Germany",58,"Female",2,"Hand",6.0,5.0,"ACK",False,False,True,True,False,False,True,True,True,False,False,False,False,False,"PAT_389_2600_833.png"
"PAT_390",790,"Unknown","Unknown",43,"Male",3,"Face",4.0,4.0,"SCC",False,True,True,True,False,False,True,True,True,False,False,False,True,True,"PAT_390_790_505.png"
"PAT_392",792,"Italy","Italy",48,"Male",3,"Face",7.0,5.0,"BCC",False,True,True,True,False,False,True,True,True,False,True,False,True,True,"PAT_392_792_712.png"
"PAT_393",793,"Brazil","Brazil",57,"Female",3,"Neck",7.0,5.0,"ACK",False,False,False,True,True,True,False,True,False,False,False,True,True,True,"PAT_393_793_852.png"
"PAT_394",1562,"Poland","Italy",75,"Male",2,"Arm",8.0,7.0,"BCC",False,True,True,True,True,True,False,True,False,False,False,False,True,True,"PAT_394_1562_579.png"
"PAT_396",796,"Portugal","Italy",76,"Female",2,"Face",7.0,6.0,"BCC",False,True,False,False,False,False,False,False,True,False,False,False,True,True,"PAT_396_796_394.png"
"PAT_397",798,"Germany","Germany",59,"Male",3,"Forearm",18.0,16.0,"SCC",False,True,True,False,False,False,True,True,True,False,False,False,False,True,"PAT_397_798_482.png"
"PAT_40",1026,"Germany","Germany",43,"Female",1,"Back",11.0,8.0,"BCC",False,False,True,False,False,False,False,True,False,False,False,False,True,True,"PAT_40_1026_312.png"
"PAT_401",4594,"Italy","Italy",80,"Female",3,"Forearm",5.0,4.0,"ACK",False,False,False,False,True,True,False,True,False,True,False,False,False,False,"PAT_401_4594_970.png"
"PAT_404",805,"Germany","Germany",66,"Female",2,"Chest",6.0,6.0,"ACK",False,False,True,True,False,False,False,True,False,False,False,False,True,True,"PAT_404_805_575.png"
"PAT_406",808,"Germany","Netherlands",62,"Male",3,"Hand",10.0,9.0,"BCC",False,False,True,False,False,False,True,True,True,False,False,True,True,True,"PAT_406_808_975.png"
"PAT_408",811,"Pomerania","Pomerania",62,"Male",2,"Forearm",8.0,7.0,"ACK",False,True,True,False,True,True,True,False,False,False,False,False,True,True,"PAT_408_811_808.png"
"PAT_409",812,"Italy","Italy",46,"Female",3,"Nose",4.0,3.0,"BCC",False,False,False,True,False,False,True,False,True,False,False,False,True,True,"PAT_409_812_974.png"
"PAT_411",815,"Pomerania","Pomerania",59,"Male",2,"Chest",10.0,8.0,"SEK",False,True,True,True,False,False,True,False,True,False,False,False,False,True,"PAT_411_815_692.png"
"PAT_412",818,"Pomerania","Pomerania",46,"Male",2,"Nose",6.0,4.0,"ACK",False,False,False,True,False,True,True,True,False,True,True,True,False,True,"PAT_412_818_61.png"
"PAT_413",819,"Italy","Pomerania",58,"Male",2,"Hand",13.0,10.0,"BCC",False,True,True,True,True,True,False,True,False,False,False,False,True,True,"PAT_413_819_268.png"
"PAT_414",822,"Unknown","Italy",20,"Female",4,"Back",4.0,2.0,"ACK",False,False,False,False,False,False,True,False,False,False,False,False,True,True,"PAT_414_822_420.png"
"PAT_416",826,"Germany","Germany",84,"Male",2,"Chest",20.0,10.0,"BCC",False,False,True,True,False,False,False,True,True,False,False,True,True,True,"PAT_416_826_123.png"
"PAT_417",3537,"Italy","Italy",27,"Male",3,"Thigh",9.0,5.0,"NEV",False,False,False,True,False,False,True,False,True,False,False,False,True,False,"PAT_417_3537_45.png"
"PAT_419",832,"Pomerania","Pomerania",80,"Female",2,"Forearm",12.0,10.0,"BCC",False,False,True,False,False,False,False,True,False,True,False,True,True,True,"PAT_419_832_706.png"
"PAT_420",834,"Unknown","Italy",37,"Female",4,"Face",8.0,7.0,"ACK",False,True,False,True,False,False,False,True,True,False,False,True,True,True,"PAT_420_834_948.png"
"PAT_422",837,"Italy","Germany",64,"Male",3,"Neck",20.0,14.0,"BCC",False,True,False,False,False,False,True,True,True,True,False,True,True,True,"PAT_422_837_683.png"
"PAT_423",839,"Pomerania","Pomerania",71,"Female",2,"Face",15.0,14.0,"BCC",False,False,False,True,False,False,False,True,True,True,False,True,True,True,"PAT_423_839_596.png"
"PAT_428",845,"Unknown","Italy",73,"Female",3,"Face",10.0,9.0,"ACK",False,False,False,False,False,False,False,True,False,False,False,True,False,True,"PAT_428_845_189.png"
"PAT_430",848,"Germany","Germany",75,"Female",2,"Face",10.0,10.0,"BCC",False,False,True,True,True,True,False,True,True,False,False,True,True,True,"PAT_430_848_476.png"
"PAT_432",851,"Germany","Germany",55,"Female",2,"Nose",7.0,5.0,"BCC",False,False,False,True,False,False,False,True,True,True,False,True,True,True,"PAT_432_851_560.png"
"PAT_437",857,"Germany","Germany",63,"Male",2,"Face",10.0,10.0,"ACK",True,False,True,True,False,False,False,False,False,False,False,False,False,True,"PAT_437_857_425.png"
"PAT_441",861,"Germany","Germany",55,"Female",2,"Back",6.0,5.0,"BCC",False,False,True,True,False,False,False,False,True,False,False,False,True,True,"PAT_441_861_415.png"
"PAT_442",863,"Germany","Germany",56,"Female",2,"Face",70.0,60.0,"BCC",False,False,False,True,False,False,False,True,True,False,False,False,True,True,"PAT_442_863_795.png"
"PAT_445",871,"Italy","Pomerania",61,"Female",2,"Nose",15.0,7.0,"BCC",False,False,False,True,False,False,False,True,True,True,False,True,True,True,"PAT_445_871_524.png"
"PAT_447",873,"Pomerania","Pomerania",62,"Female",2,"Nose",4.0,3.0,"SCC",False,False,True,False,False,False,False,True,False,False,False,False,True,True,"PAT_447_873_329.png"
"PAT_451",878,"Germany","Germany",64,"Female",2,"Face",16.0,15.0,"BCC",False,False,True,False,False,False,True,False,True,False,False,False,False,True,"PAT_451_878_890.png"
"PAT_452",882,"Italy","Italy",73,"Female",3,"Arm",9.0,8.0,"BCC",False,False,True,True,True,True,True,True,True,True,False,True,False,True,"PAT_452_882_896.png"
"PAT_453",883,"Germany","Germany",63,"Male",2,"Ear",10.0,8.0,"BCC",False,False,True,False,False,False,True,True,True,True,False,True,True,True,"PAT_453_883_719.png"
"PAT_454",884,"Pomerania","Pomerania",54,"Female",2,"Forearm",12.0,10.0,"SCC",True,False,True,False,False,False,True,True,True,True,False,False,True,True,"PAT_454_884_28.png"
"PAT_456",887,"Germany","Germany",53,"Female",2,"Back",16.0,10.0,"BCC",False,False,True,True,False,False,True,True,True,False,False,False,True,True,"PAT_456_887_499.png"
"PAT_457",890,"Pomerania","Pomerania",77,"Female",2,"Forearm",7.0,4.0,"ACK",False,False,False,False,False,False,False,True,False,False,False,False,False,True,"PAT_457_890_255.png"
"PAT_458",891,"Pomerania","Pomerania",80,"Male",1,"Face",6.0,6.0,"BCC",False,True,True,False,False,False,False,False,True,False,False,False,True,True,"PAT_458_891_709.png"
"PAT_459",892,"Germany","Germany",84,"Male",2,"Face",12.0,9.0,"BCC",False,True,False,False,True,True,False,True,True,True,False,True,True,True,"PAT_459_892_804.png"
"PAT_46",881,"Pomerania","Pomerania",55,"Female",3,"Neck",6.0,5.0,"BCC",False,False,True,True,True,True,False,True,True,False,True,True,True,True,"PAT_46_881_939.png"
"PAT_460",894,"Pomerania","Pomerania",73,"Female",2,"Lip",18.0,16.0,"BCC",False,False,True,False,False,False,False,True,False,True,False,True,True,True,"PAT_460_894_242.png"
"PAT_461",895,"Pomerania","Pomerania",41,"Female",3,"Nose",10.0,7.0,"BCC",False,False,True,False,False,False,False,True,True,False,False,True,False,True,"PAT_461_895_72.png"
"PAT_463",897,"Pomerania","Pomerania",67,"Female",2,"Face",7.0,7.0,"BCC",False,False,True,True,True,True,False,True,True,True,False,True,True,True,"PAT_463_897_440.png"
"PAT_464",1794,"Germany","Germany",75,"Female",3,"Neck",25.0,13.0,"BCC",False,False,True,True,False,False,True,False,True,True,False,False,False,True,"PAT_464_1794_78.png"
"PAT_465",901,"Pomerania","Pomerania",14,"Female",2,"Foot",3.0,3.0,"NEV",False,False,True,False,False,False,False,False,True,False,True,False,False,True,"PAT_465_901_627.png"
"PAT_466",903,"Pomerania","Pomerania",44,"Female",3,"Face",5.0,5.0,"BCC",False,False,False,False,False,False,True,True,True,False,False,True,True,True,"PAT_466_903_893.png"
"PAT_467",904,"Pomerania","Pomerania",46,"Female",2,"Back",10.0,5.0,"BCC",False,False,False,False,True,False,True,True,True,False,False,False,True,True,"PAT_467_904_235.png"
"PAT_468",905,"Pomerania","Unknown",40,"Male",2,"Chest",4.0,2.0,"BCC",False,True,True,False,True,False,False,True,True,True,False,True,True,True,"PAT_468_905_765.png"
"PAT_473",911,"Pomerania","Pomerania",33,"Male",2,"Chest",10.0,8.0,"BCC",False,True,False,True,False,False,True,True,True,False,False,True,True,True,"PAT_473_911_610.png"
"PAT_474",912,"Germany","Germany",38,"Female",2,"Ear",13.0,8.0,"BCC",False,True,False,True,False,False,True,True,True,False,False,True,True,True,"PAT_474_912_879.png"
"PAT_475",913,"Germany","Germany",52,"Female",2,"Nose",4.0,4.0,"BCC",False,False,True,False,True,True,False,True,True,True,False,True,True,True,"PAT_475_913_874.png"
"PAT_478",916,"Pomerania","Pomerania",47,"Male",2,"Back",22.0,20.0,"BCC",False,True,False,False,False,False,True,True,True,False,False,False,False,True,"PAT_478_916_806.png"
"PAT_479",919,"Pomerania","Pomerania",48,"Male",2,"Neck",5.0,5.0,"BCC",False,False,True,False,False,False,True,True,False,False,False,True,True,True,"PAT_479_919_97.png"
"PAT_48",74,"Brazil","Brazil",73,"Female",3,"Arm",10.0,7.0,"SCC",False,False,False,True,True,True,False,False,True,False,False,False,True,True,"PAT_48_74_402.png"
"PAT_480",921,"Pomerania","Pomerania",47,"Male",2,"Face",7.0,6.0,"BCC",False,True,True,True,False,False,True,False,True,False,False,True,True,True,"PAT_480_921_1.png"
"PAT_481",923,"Pomerania","Pomerania",54,"Female",2,"Back",7.0,6.0,"BCC",False,False,False,True,False,False,False,True,True,False,False,True,True,True,"PAT_481_923_186.png"
"PAT_483",925,"Pomerania","Pomerania",85,"Female",3,"Nose",12.0,5.0,"BCC",False,False,False,True,True,False,True,True,True,True,False,True,True,True,"PAT_483_925_716.png"
"PAT_484",926,"Pomerania","Pomerania",55,"Female",2,"Thigh",16.0,5.0,"ACK",False,True,False,False,False,False,True,False,False,False,False,False,False,True,"PAT_484_926_624.png"
"PAT_486",929,"Pomerania","Pomerania",57,"Male",2,"Abdomen",16.0,12.0,"MEL",False,True,False,True,True,True,True,False,True,False,True,False,False,True,"PAT_486_929_274.png"
"PAT_490",933,"Pomerania","Pomerania",45,"Male",2,"Ear",5.0,4.0,"SCC",False,False,True,False,False,False,True,True,True,False,False,False,True,True,"PAT_490_933_352.png"
"PAT_492",937,"Pomerania","Pomerania",70,"Male",2,"Chest",18.0,13.0,"SCC",False,True,False,False,False,False,False,False,True,False,False,False,True,True,"PAT_492_937_958.png"
"PAT_493",3016,"Pomerania","Pomerania",46,"Male",2,"Arm",7.0,5.0,"ACK",False,True,True,False,False,False,True,True,False,False,False,False,True,False,"PAT_493_3016_512.png"
"PAT_498",944,"Pomerania","Pomerania",60,"Female",2,"Face",4.0,2.0,"ACK",False,True,True,False,False,False,True,False,False,False,False,False,False,True,"PAT_498_944_488.png"
"PAT_50",76,"Germany","Brazil",81,"Female",2,"Back",7.0,18.0,"BCC",False,False,True,False,True,True,False,True,True,False,False,True,True,True,"PAT_50_76_296.png"
"PAT_500",947,"Germany","Brazil",67,"Female",3,"Ear",13.0,8.0,"SCC",False,False,False,False,True,True,False,True,True,True,False,True,True,True,"PAT_500_947_77.png"
"PAT_503",949,"Pomerania","Pomerania",88,"Male",2,"Face",9.0,7.0,"SCC",False,True,True,True,True,True,True,True,False,False,False,True,True,True,"PAT_503_949_409.png"
"PAT_505",951,"Brazil","Brazil",71,"Female",2,"Nose",7.0,6.0,"BCC",False,False,False,True,True,True,False,True,False,False,False,False,True,True,"PAT_505_951_710.png"
"PAT_507",954,"Brazil","Germany",69,"Female",1,"Neck",13.0,6.0,"BCC",False,False,True,True,True,True,False,True,True,False,False,True,True,True,"PAT_507_954_812.png"
"PAT_51",78,"Brazil","Italy",79,"Male",3,"Arm",20.0,10.0,"SCC",False,False,False,True,True,True,False,True,True,True,False,True,False,True,"PAT_51_78_959.png"
"PAT_510",959,"Germany","Germany",62,"Male",3,"Face",9.0,6.0,"BCC",False,False,True,True,True,True,True,True,True,True,True,True,False,True,"PAT_510_959_174.png"
"PAT_513",964,"Brazil","Brazil",67,"Male",1,"Back",12.0,9.0,"BCC",True,False,False,True,True,True,True,True,False,True,False,True,True,True,"PAT_513_964_343.png"
"PAT_514",967,"Germany","Germany",64,"Male",3,"Face",10.0,8.0,"BCC",True,True,True,True,True,True,True,True,True,True,False,False,True,True,"PAT_514_967_300.png"
"PAT_516",966,"Brazil","Brazil",85,"Female",1,"Nose",5.0,4.0,"BCC",False,False,False,True,True,True,False,False,True,False,False,False,True,True,"PAT_516_966_57.png"
"PAT_520",983,"Unknown","Germany",68,"Male",2,"Back",16.0,14.0,"BCC",False,False,True,True,True,False,True,True,False,True,False,True,True,True,"PAT_520_983_221.png"
"PAT_521",984,"Germany","Germany",32,"Male",2,"Nose",5.0,5.0,"BCC",False,False,True,False,True,True,True,True,True,True,False,True,True,True,"PAT_521_984_412.png"
"PAT_522",986,"Italy","Italy",53,"Male",2,"Arm",10.0,8.0,"BCC",False,False,False,False,True,True,False,True,True,True,False,True,True,True,"PAT_522_986_305.png"
"PAT_523",988,"Germany","Germany",52,"Female",2,"Face",6.0,5.0,"BCC",True,False,False,True,True,True,False,True,True,False,False,True,True,True,"PAT_523_988_900.png"
"PAT_526",991,"Italy","Germany",59,"Male",2,"Back",7.0,5.0,"BCC",False,True,False,True,False,True,True,True,True,True,False,True,True,True,"PAT_526_991_109.png"
"PAT_528",992,"Germany","Germany",75,"Female",2,"Arm",10.0,8.0,"ACK",False,False,False,False,True,True,False,False,False,False,False,False,False,True,"PAT_528_992_124.png"
"PAT_529",994,"Germany","Germany",75,"Male",1,"Ear",5.0,4.0,"BCC",True,True,True,False,True,True,True,True,False,True,False,True,True,True,"PAT_529_994_419.png"
"PAT_53",1370,"Brazil","Brazil",80,"Male",1,"Chest",20.0,18.0,"BCC",False,False,False,True,True,False,False,True,True,False,False,False,True,True,"PAT_53_1370_245.png"
"PAT_531",1004,"Italy","Italy",62,"Male",2,"Face",10.0,7.0,"BCC",False,False,False,True,True,True,True,True,False,False,False,False,True,True,"PAT_531_1004_189.png"
"PAT_532",3216,"Germany","Germany",83,"Female",2,"Face",4.0,3.0,"SEK",False,False,False,True,True,True,False,False,True,False,False,False,True,False,"PAT_532_3216_633.png"
"PAT_534",1009,"Italy","Italy",55,"Male",3,"Back",7.0,6.0,"BCC",True,False,False,False,True,True,True,True,True,True,False,True,True,True,"PAT_534_1009_924.png"
"PAT_536",3227,"Germany","Germany",52,"Female",2,"Forearm",6.0,5.0,"ACK",False,False,False,False,True,True,False,True,False,False,False,False,False,False,"PAT_536_3227_442.png"
"PAT_537",1014,"Brazil","Brazil",62,"Male",2,"Hand",8.0,7.0,"SCC",True,True,False,False,True,True,True,False,False,True,False,False,True,True,"PAT_537_1014_961.png"
"PAT_539",1023,"Italy","Italy",65,"Male",2,"Face",6.0,5.0,"ACK",True,True,True,True,True,True,True,True,True,False,False,False,True,True,"PAT_539_1023_878.png"
"PAT_540",1016,"Germany","Netherlands",70,"Female",1,"Nose",7.0,5.0,"BCC",True,True,True,True,True,True,True,True,True,True,False,True,True,True,"PAT_540_1016_644.png"
"PAT_541",3303,"Italy","Germany",69,"Male",1,"Face",8.0,5.0,"ACK",True,True,False,False,True,True,False,True,False,False,False,False,False,False,"PAT_541_3303_228.png"
"PAT_544",3299,"Unknown","Unknown",87,"Female",2,"Face",5.0,4.0,"SEK",False,False,False,False,False,False,False,False,True,False,False,False,True,False,"PAT_544_3299_671.png"
"PAT_547",1033,"Germany","Germany",56,"Female",3,"Nose",5.0,3.0,"BCC",False,False,True,False,True,True,True,True,True,False,False,False,True,True,"PAT_547_1033_911.png"
"PAT_549",1043,"Brazil","Brazil",85,"Male",2,"Neck",30.0,24.0,"SCC",False,False,False,False,True,False,False,True,True,False,False,False,True,True,"PAT_549_1043_676.png"
"PAT_55",84,"Germany","Germany",66,"Female",1,"Arm",10.0,5.0,"BCC",False,False,False,True,True,True,False,True,False,False,False,True,True,True,"PAT_55_84_506.png"
"PAT_551",1047,"Germany","Netherlands",66,"Male",1,"Face",5.0,5.0,"BCC",False,True,False,True,True,False,True,False,True,False,False,False,True,True,"PAT_551_1047_567.png"
"PAT_554",1051,"Germany","Germany",62,"Female",1,"Face",6.0,5.0,"BCC",False,False,True,False,True,True,True,True,True,True,False,True,True,True,"PAT_554_1051_301.png"
"PAT_558",1072,"Germany","Germany",57,"Female",3,"Nose",9.0,12.0,"BCC",False,False,False,True,True,True,True,True,True,True,False,True,True,True,"PAT_558_1072_486.png"
"PAT_559",1093,"Pomerania","Pomerania",54,"Male",1,"Chest",35.0,20.0,"BCC",True,False,False,False,True,True,True,True,True,True,False,True,True,True,"PAT_559_1093_774.png"
"PAT_56",86,"Germany","Germany",70,"Female",2,"Arm",24.0,20.0,"SCC",False,False,False,True,True,True,False,True,True,True,False,True,False,True,"PAT_56_86_479.png"
"PAT_561",1069,"Brazil","Brazil",39,"Male",2,"Chest",7.0,6.0,"SCC",False,True,False,True,True,False,True,True,True,True,False,True,True,True,"PAT_561_1069_418.png"
"PAT_562",1110,"Pomerania","Pomerania",58,"Male",2,"Nose",0.0,0.0,"BCC",True,True,False,True,True,True,True,False,True,False,False,False,True,True,"PAT_562_1110_360.png"
"PAT_563",1070,"Unknown","Unknown",72,"Female",2,"Face",9.0,7.0,"BCC",False,False,True,True,True,True,False,True,False,True,False,True,True,True,"PAT_563_1070_63.png"
"PAT_564",1079,"Brazil","Brazil",73,"Female",2,"Arm",18.0,8.0,"BCC",True,False,False,False,True,False,False,True,True,False,True,True,True,True,"PAT_564_1079_430.png"
"PAT_565",1073,"Pomerania","Pomerania",51,"Male",2,"Ear",15.0,13.0,"BCC",True,True,False,False,True,False,True,True,False,False,False,False,False,True,"PAT_565_1073_749.png"
"PAT_566",179,"Italy","Brazil",54,"Male",3,"Arm",4.0,3.0,"ACK",False,False,False,False,True,True,False,True,False,False,False,False,False,False,"PAT_566_179_23.png"
"PAT_57",90,"Brazil","Brazil",75,"Female",2,"Back",6.0,6.0,"ACK",False,False,False,False,True,True,False,True,False,False,False,False,False,True,"PAT_57_90_910.png"
"PAT_570",1085,"Pomerania","Pomerania",43,"Male",2,"Face",15.0,13.0,"BCC",False,False,False,False,True,True,True,True,True,False,False,True,True,True,"PAT_570_1085_429.png"
"PAT_571",1097,"Pomerania","Pomerania",47,"Female",3,"Face",19.0,10.0,"ACK",False,False,False,True,False,False,False,True,False,False,False,False,False,True,"PAT_571_1097_652.png"
"PAT_572",1086,"Pomerania","Pomerania",39,"Female",3,"Face",18.0,15.0,"BCC",False,False,False,False,True,True,False,True,True,True,True,True,True,True,"PAT_572_1086_130.png"
"PAT_573",1090,"Pomerania","Pomerania",51,"Female",4,"Face",9.0,7.0,"BCC",False,False,True,False,False,False,True,True,True,True,False,False,True,True,"PAT_573_1090_660.png"
"PAT_575",1087,"Germany","Germany",80,"Female",1,"Face",10.0,9.0,"BCC",False,False,True,False,True,True,False,True,True,False,False,True,True,True,"PAT_575_1087_29.png"
"PAT_579",1099,"Germany","Pomerania",45,"Male",3,"Forearm",10.0,10.0,"ACK",False,False,True,True,True,True,True,True,True,False,False,False,True,True,"PAT_579_1099_837.png"
"PAT_58",91,"Pomerania","Pomerania",63,"Male",2,"Face",9.0,6.0,"BCC",False,True,False,False,False,False,False,False,True,False,False,False,True,True,"PAT_58_91_143.png"
"PAT_580",1104,"Germany","Germany",57,"Female",3,"Neck",2.0,1.0,"BCC",False,False,True,False,True,True,False,True,True,False,True,False,True,True,"PAT_580_1104_684.png"
"PAT_581",1114,"Pomerania","Pomerania",58,"Female",1,"Hand",11.0,8.0,"BCC",False,False,False,False,True,False,False,True,True,False,False,False,True,True,"PAT_581_1114_116.png"
"PAT_583",1112,"Pomerania","Netherlands",43,"Male",2,"Face",5.0,5.0,"BCC",False,False,False,False,False,False,True,True,True,False,False,False,True,True,"PAT_583_1112_886.png"
"PAT_585",1130,"Pomerania","Pomerania",59,"Male",3,"Abdomen",5.0,5.0,"ACK",True,True,False,False,False,False,False,True,True,False,False,True,True,True,"PAT_585_1130_474.png"
"PAT_587",3431,"Germany","Italy",67,"Male",3,"Forearm",13.0,12.0,"ACK",False,True,False,False,True,True,True,True,False,False,False,False,False,False,"PAT_587_3431_6.png"
"PAT_59",94,"Brazil","Brazil",72,"Female",2,"Face",18.0,15.0,"ACK",True,False,False,False,True,False,False,True,False,False,False,False,True,True,"PAT_59_94_849.png"
"PAT_590",1121,"Brazil","Brazil",57,"Female",5,"Arm",19.0,18.0,"SCC",False,False,False,False,True,True,True,True,True,True,False,False,True,True,"PAT_590_1121_504.png"
"PAT_595",1142,"Germany","Germany",76,"Male",2,"Ear",5.0,3.0,"ACK",False,True,False,False,True,True,True,True,False,False,False,False,False,True,"PAT_595_1142_142.png"
"PAT_596",1146,"Germany","Netherlands",64,"Male",4,"Chest",1.0,1.0,"BCC",False,False,False,True,True,True,True,True,True,False,False,False,True,True,"PAT_596_1146_316.png"
"PAT_598",1137,"Pomerania","Pomerania",88,"Female",2,"Face",10.0,10.0,"BCC",False,False,False,True,True,True,False,True,True,False,True,False,True,True,"PAT_598_1137_888.png"
"PAT_599",1140,"Pomerania","Pomerania",82,"Female",2,"Arm",18.0,15.0,"ACK",False,False,True,False,True,True,True,True,False,False,False,False,False,True,"PAT_599_1140_399.png"
"PAT_600",1141,"Italy","Italy",83,"Female",2,"Neck",10.0,7.0,"SCC",True,False,False,True,True,True,False,True,True,False,True,False,True,True,"PAT_600_1141_542.png"
"PAT_601",1147,"Italy","Portugal",84,"Female",4,"Chest",15.0,10.0,"BCC",True,False,False,False,True,True,True,True,True,False,False,True,True,True,"PAT_601_1147_943.png"
"PAT_604",1150,"Unknown","Unknown",76,"Female",3,"Neck",5.0,5.0,"BCC",True,False,False,True,True,True,False,False,True,False,False,False,True,True,"PAT_604_1150_336.png"
"PAT_609",1159,"Pomerania","Pomerania",61,"Male",2,"Neck",14.0,8.0,"BCC",True,True,False,False,False,False,True,False,True,False,False,True,True,True,"PAT_609_1159_932.png"
"PAT_61",299,"Italy","Italy",50,"Female",3,"Foot",5.0,3.0,"NEV",True,False,False,True,True,True,False,False,True,False,False,False,True,False,"PAT_61_299_74.png"
"PAT_613",1164,"Italy","Italy",75,"Female",1,"Thigh",1.0,1.0,"BCC",False,False,True,False,True,True,False,False,True,False,False,False,True,True,"PAT_613_1164_827.png"
"PAT_614",1166,"Unknown","Unknown",56,"Female",3,"Chest",18.0,6.0,"MEL",False,False,False,True,True,True,False,False,True,False,True,False,False,True,"PAT_614_1166_885.png"
"PAT_618",1174,"Italy","Italy",70,"Male",1,"Ear",5.0,3.0,"BCC",False,True,True,True,True,True,False,False,True,False,False,True,True,True,"PAT_618_1174_596.png"
"PAT_619",1175,"Brazil","Germany",58,"Male",2,"Arm",17.0,11.0,"BCC",False,False,True,True,True,True,False,False,False,False,False,False,False,True,"PAT_619_1175_767.png"
"PAT_62",97,"Pomerania","Pomerania",55,"Female",1,"Face",7.0,8.0,"BCC",False,False,True,False,True,False,True,True,True,False,False,True,True,True,"PAT_62_97_868.png"
"PAT_625",1184,"Germany","Germany",64,"Female",2,"Face",5.0,5.0,"SEK",False,False,True,False,True,True,False,True,True,False,False,True,False,True,"PAT_625_1184_994.png"
"PAT_627",1188,"Pomerania","Pomerania",32,"Female",2,"Thigh",7.0,7.0,"NEV",False,False,True,False,True,True,False,True,True,False,True,False,False,True,"PAT_627_1188_755.png"
"PAT_63",1075,"Brazil","Norway",36,"Female",2,"Chest",15.0,10.0,"BCC",False,False,False,True,True,True,False,True,True,True,False,True,True,True,"PAT_63_1075_498.png"
"PAT_631",1227,"Unknown","Italy",64,"Male",2,"Face",0.0,0.0,"BCC",False,True,True,True,True,False,False,True,True,True,False,True,True,True,"PAT_631_1227_585.png"
"PAT_632",3700,"Unknown","Unknown",73,"Female",2,"Forearm",18.0,14.0,"ACK",False,False,False,False,True,True,False,False,False,False,False,False,True,False,"PAT_632_3700_890.png"
"PAT_633",1199,"Pomerania","Pomerania",61,"Male",1,"Abdomen",10.0,7.0,"SCC",True,True,False,False,True,False,True,True,True,True,True,True,True,True,"PAT_633_1199_218.png"
"PAT_636",1204,"Brazil","Brazil",78,"Female",2,"Chest",20.0,18.0,"BCC",False,False,True,True,True,True,False,True,True,True,True,True,True,True,"PAT_636_1204_521.png"
"PAT_637",1434,"Brazil","Brazil",69,"Male",2,"Back",7.0,7.0,"SCC",True,True,False,True,True,True,False,False,False,False,False,False,True,True,"PAT_637_1434_570.png"
"PAT_638",3680,"Netherlands","Pomerania",73,"Female",2,"Forearm",12.0,6.0,"ACK",False,False,True,False,True,True,False,True,False,False,False,False,False,False,"PAT_638_3680_891.png"
"PAT_639",3674,"Germany","Netherlands",66,"Female",2,"Arm",8.0,7.0,"ACK",False,True,True,True,True,True,False,False,False,False,False,False,True,False,"PAT_639_3674_452.png"
"PAT_641",1211,"Germany","Unknown",20,"Female",2,"Back",5.0,3.0,"NEV",False,False,True,False,True,False,False,True,False,False,False,False,True,True,"PAT_641_1211_321.png"
"PAT_645",4043,"Germany","Germany",57,"Female",3,"Face",6.0,5.0,"ACK",False,False,True,False,False,False,True,True,True,False,False,False,False,False,"PAT_645_4043_374.png"
"PAT_649",1233,"Brazil","Brazil",67,"Female",6,"Arm",15.0,15.0,"SEK",True,False,False,False,True,True,True,False,False,False,False,False,True,True,"PAT_649_1233_229.png"
"PAT_65",101,"Brasil","Germany",61,"Female",2,"Arm",10.0,10.0,"ACK",False,False,False,True,True,True,False,False,False,False,False,False,False,True,"PAT_65_101_847.png"
"PAT_651",1232,"Italy","Germany",78,"Female",2,"Forearm",8.0,7.0,"ACK",False,False,True,True,True,True,False,False,False,False,False,False,False,True,"PAT_651_1232_950.png"
"PAT_655",926,"Germany","Germany",53,"Female",2,"Forearm",9.0,7.0,"ACK",False,False,True,False,True,True,False,True,False,False,False,False,False,False,"PAT_655_926_447.png"
"PAT_656",1246,"Unknown","Unknown",58,"Male",2,"Back",18.0,12.0,"MEL",False,False,False,False,True,True,False,True,True,False,True,False,False,True,"PAT_656_1246_483.png"
"PAT_660",1249,"Poland","Germany",42,"Female",3,"Nose",11.0,9.0,"BCC",False,False,True,True,True,True,True,True,True,False,True,False,True,True,"PAT_660_1249_469.png"
"PAT_662",1251,"Germany","Germany",40,"Male",3,"Chest",30.0,25.0,"BCC",False,True,True,True,True,True,False,False,True,False,True,True,True,True,"PAT_662_1251_43.png"
"PAT_663",1254,"Brazil","Brazil",58,"Female",3,"Back",13.0,12.0,"SCC",False,False,True,True,True,True,False,True,True,True,True,True,False,True,"PAT_663_1254_732.png"
"PAT_664",1263,"Italy","Germany",69,"Female",2,"Back",13.0,9.0,"SCC",False,False,True,False,True,True,False,True,True,False,True,True,True,True,"PAT_664_1263_781.png"
"PAT_67",104,"Brazil","Brazil",37,"Male",5,"Face",18.0,14.0,"BCC",False,True,False,True,True,True,True,True,True,True,False,True,True,True,"PAT_67_104_730.png"
"PAT_673",3928,"Netherlands","France",70,"Female",2,"Face",13.0,9.0,"ACK",False,False,True,True,True,True,True,True,True,False,False,True,False,False,"PAT_673_3928_888.png"
"PAT_677",1349,"Italy","Italy",75,"Male",2,"Forearm",11.0,7.0,"SCC",False,False,False,True,True,True,True,False,True,False,True,False,True,True,"PAT_677_1349_541.png"
"PAT_679",1286,"Unknown","Unknown",75,"Male",2,"Lip",6.0,5.0,"SCC",True,False,True,True,True,True,False,False,False,False,True,False,True,True,"PAT_679_1286_677.png"
"PAT_68",105,"Italy","Italy",59,"Female",2,"Face",8.0,7.0,"BCC",False,False,False,True,True,False,False,False,True,False,False,False,True,True,"PAT_68_105_871.png"
"PAT_680",1289,"Portugal","Italy",78,"Male",2,"Back",10.0,10.0,"MEL",True,False,True,True,True,True,False,False,True,False,True,False,True,True,"PAT_680_1289_182.png"
"PAT_682",1292,"Pomerania","Pomerania",75,"Female",2,"Back",10.0,10.0,"BCC",False,False,True,False,True,True,False,True,True,False,False,True,True,True,"PAT_682_1292_986.png"
"PAT_684",1302,"Pomerania","Pomerania",79,"Male",1,"Forearm",5.0,5.0,"BCC",False,True,True,False,False,False,False,True,True,False,False,True,True,True,"PAT_684_1302_588.png"
"PAT_686",1355,"Germany","Germany",32,"Male",3,"Face",17.0,15.0,"SCC",True,True,True,True,True,True,True,True,True,True,True,True,True,True,"PAT_686_1355_168.png"
"PAT_687",1304,"Unknown","Unknown",49,"Female",5,"Nose",7.0,6.0,"BCC",True,False,False,True,False,False,False,False,True,False,True,False,True,True,"PAT_687_1304_898.png"
"PAT_688",1305,"Germany","Germany",54,"Female",2,"Chest",7.0,5.0,"BCC",False,False,True,False,True,True,False,True,True,False,False,False,True,True,"PAT_688_1305_242.png"
"PAT_689",1306,"Germany","Germany",55,"Male",2,"Arm",10.0,7.0,"SCC",True,True,False,False,True,True,True,True,False,False,False,False,True,True,"PAT_689_1306_772.png"
"PAT_69",1053,"Germany","Germany",66,"Female",2,"Arm",11.0,10.0,"ACK",False,False,False,True,False,False,False,True,False,True,False,False,True,True,"PAT_69_1053_540.png"
"PAT_690",1309,"Netherlands","Unknown",58,"Female",3,"Nose",17.0,14.0,"BCC",False,False,True,True,True,True,False,True,True,True,True,True,True,True,"PAT_690_1309_981.png"
"PAT_691",1311,"Pomerania","Germany",56,"Male",1,"Forearm",20.0,15.0,"BCC",False,True,False,False,False,True,True,False,False,False,True,False,True,True,"PAT_691_1311_686.png"
"PAT_692",1308,"Germany","Germany",71,"Female",3,"Face",9.0,6.0,"BCC",False,False,True,False,True,True,True,True,True,True,True,False,True,True,"PAT_692_1308_364.png"
"PAT_693",1313,"Israel","Unknown",64,"Female",2,"Forearm",16.0,8.0,"ACK",False,False,True,True,True,True,True,True,True,False,True,False,False,True,"PAT_693_1313_304.png"
"PAT_698",1150,"Pomerania","Pomerania",82,"Female",2,"Forearm",9.0,7.0,"ACK",False,False,False,False,True,True,False,True,False,False,False,True,False,False,"PAT_698_1150_510.png"
"PAT_699",1320,"Germany","Germany",76,"Male",1,"Face",6.0,4.0,"BCC",False,False,False,False,True,True,False,True,True,False,False,False,True,True,"PAT_699_1320_901.png"
"PAT_70",107,"Italy","Italy",67,"Male",2,"Thigh",9.0,7.0,"MEL",False,True,False,False,False,False,True,False,True,False,True,False,False,True,"PAT_70_107_591.png"
"PAT_701",4056,"Pomerania","Pomerania",69,"Male",2,"Face",10.0,5.0,"SEK",False,True,True,False,True,True,False,False,False,False,False,False,True,False,"PAT_701_4056_457.png"
"PAT_703",1329,"Germany","Germany",67,"Female",1,"Forearm",6.0,6.0,"BCC",False,True,True,False,False,False,False,False,True,False,False,False,True,True,"PAT_703_1329_112.png"
"PAT_704",1323,"Pomerania","Pomerania",82,"Male",2,"Forearm",6.0,6.0,"ACK",False,False,False,False,True,True,False,True,False,False,False,False,False,True,"PAT_704_1323_974.png"
"PAT_705",4015,"Germany","Germany",58,"Female",1,"Forearm",9.0,7.0,"ACK",False,True,True,True,True,True,True,False,True,False,False,False,False,False,"PAT_705_4015_413.png"
"PAT_707",1327,"Unknown","Unknown",55,"Female",5,"Nose",1.0,1.0,"ACK",False,False,False,True,True,True,True,False,False,False,False,False,True,True,"PAT_707_1327_245.png"
"PAT_71",108,"Pomerania","Pomerania",57,"Female",3,"Chest",15.0,13.0,"ACK",False,False,True,True,True,True,True,True,False,False,False,False,False,True,"PAT_71_108_56.png"
"PAT_711",4067,"Germany","Germany",50,"Male",2,"Hand",23.0,21.0,"ACK",False,False,True,False,True,False,False,True,False,False,False,False,True,False,"PAT_711_4067_260.png"
"PAT_714",1337,"Germany","Germany",67,"Male",3,"Ear",15.0,11.0,"SCC",True,False,True,True,True,True,True,True,True,False,True,False,True,True,"PAT_714_1337_709.png"
"PAT_715",4072,"Pomerania","Pomerania",80,"Male",2,"Hand",3.0,2.0,"ACK",False,True,False,True,True,True,True,False,False,False,False,False,True,False,"PAT_715_4072_827.png"
"PAT_716",1345,"Germany","Germany",56,"Female",1,"Chest",15.0,15.0,"BCC",False,False,False,True,True,True,False,False,False,False,False,False,True,True,"PAT_716_1345_460.png"
"PAT_719",1361,"Pomerania","Pomerania",66,"Female",2,"Forearm",29.0,19.0,"MEL",False,False,True,True,True,True,True,False,False,False,False,False,False,True,"PAT_719_1361_234.png"
"PAT_72",110,"Pomerania","Pomerania",36,"Female",2,"Back",8.0,6.0,"NEV",False,False,True,False,True,True,False,False,True,False,False,False,False,True,"PAT_72_110_647.png"
"PAT_720",1362,"Germany","Germany",54,"Female",2,"Arm",11.0,10.0,"BCC",False,True,False,True,True,True,False,False,False,False,False,True,True,True,"PAT_720_1362_700.png"
"PAT_721",1365,"Pomerania","Pomerania",62,"Female",2,"Face",15.0,10.0,"BCC",False,False,True,False,True,True,True,True,True,False,False,False,True,True,"PAT_721_1365_142.png"
"PAT_724",1369,"Germany","Germany",49,"Female",1,"Face",5.0,5.0,"BCC",False,False,True,False,True,True,True,True,False,True,False,False,True,True,"PAT_724_1369_896.png"
"PAT_726",1371,"Pomerania","Pomerania",56,"Female",2,"Face",12.0,11.0,"BCC",False,False,False,False,False,False,False,True,True,False,False,False,True,True,"PAT_726_1371_543.png"
"PAT_727",1373,"Germany","Germany",87,"Male",2,"Face",15.0,10.0,"BCC",False,False,False,False,True,True,False,True,True,True,False,True,True,True,"PAT_727_1373_718.png"
"PAT_728",1533,"Pomerania","Pomerania",57,"Female",3,"Forearm",15.0,5.0,"ACK",False,False,True,False,True,True,True,False,False,False,False,False,False,False,"PAT_728_1533_952.png"
"PAT_731",1387,"Pomerania","Pomerania",66,"Male",2,"Forearm",14.0,12.0,"ACK",False,False,False,False,True,True,False,False,False,False,False,False,True,True,"PAT_731_1387_634.png"
"PAT_734",1390,"Germany","Germany",41,"Male",2,"Nose",9.0,9.0,"BCC",False,False,False,False,True,False,False,True,True,True,False,True,True,True,"PAT_734_1390_631.png"
"PAT_735",1391,"Pomerania","Pomerania",68,"Male",2,"Forearm",10.0,10.0,"ACK",False,False,False,False,True,True,True,True,True,False,False,True,True,True,"PAT_735_1391_683.png"
"PAT_737",1394,"Germany","Germany",51,"Female",2,"Nose",5.0,5.0,"BCC",False,False,False,True,True,True,True,False,True,True,False,True,True,True,"PAT_737_1394_936.png"
"PAT_738",1397,"Pomerania","Pomerania",58,"Female",2,"Face",3.0,3.0,"BCC",False,False,True,True,False,True,True,False,False,False,False,True,True,True,"PAT_738_1397_966.png"
"PAT_739",1398,"Pomerania","Pomerania",51,"Male",2,"Thigh",50.0,48.0,"ACK",False,True,False,True,True,True,True,True,False,False,False,False,False,True,"PAT_739_1398_331.png"
"PAT_74",112,"Brasil","Brazil",56,"Female",3,"Face",15.0,9.0,"BCC",False,False,True,False,True,True,False,True,False,False,False,False,False,True,"PAT_74_112_729.png"
"PAT_742",1402,"Pomerania","Pomerania",78,"Female",2,"Hand",15.0,10.0,"ACK",False,False,False,False,True,True,False,False,False,False,True,False,True,True,"PAT_742_1402_818.png"
"PAT_744",1405,"Germany","Germany",90,"Male",2,"Face",16.0,5.0,"BCC",False,False,False,True,True,True,False,True,True,False,False,False,True,True,"PAT_744_1405_742.png"
"PAT_746",1407,"Germany","Germany",71,"Female",3,"Back",20.0,17.0,"MEL",False,False,True,True,True,True,False,True,True,False,True,False,True,True,"PAT_746_1407_708.png"
"PAT_747",1408,"Unknown","Brazil",55,"Male",3,"Chest",13.0,12.0,"BCC",False,False,True,False,True,True,False,True,True,False,False,False,True,True,"PAT_747_1408_427.png"
"PAT_749",1414,"Brazil","Brazil",39,"Male",2,"Forearm",10.0,10.0,"ACK",False,True,False,False,True,True,True,False,False,False,False,False,False,True,"PAT_749_1414_770.png"
"PAT_753",1427,"Germany","Germany",61,"Female",3,"Face",5.0,5.0,"ACK",False,False,False,True,True,True,False,False,True,False,True,False,True,True,"PAT_753_1427_658.png"
"PAT_754",1429,"Italy","Germany",75,"Male",2,"Forearm",40.0,34.0,"MEL",False,False,True,False,True,True,False,False,True,False,False,False,False,True,"PAT_754_1429_380.png"
"PAT_755",1430,"Pomerania","Pomerania",70,"Male",2,"Face",5.0,5.0,"ACK",False,False,False,True,True,True,False,True,False,True,False,True,True,True,"PAT_755_1430_681.png"
"PAT_756",1496,"Italy","Italy",27,"Female",4,"Abdomen",8.0,5.0,"NEV",False,True,False,True,True,True,False,False,True,False,False,False,True,True,"PAT_756_1496_480.png"
"PAT_757",1431,"Germany","Germany",77,"Male",2,"Neck",10.0,9.0,"ACK",False,False,True,False,True,True,False,True,True,False,True,True,True,True,"PAT_757_1431_696.png"
"PAT_759",1538,"Germany","Germany",74,"Male",2,"Nose",5.0,3.0,"BCC",False,False,False,False,True,False,False,True,True,False,False,True,True,True,"PAT_759_1538_566.png"
"PAT_76",1039,"Italy","Italy",94,"Male",1,"Ear",20.0,18.0,"SCC",False,False,False,False,True,True,False,True,True,False,False,False,True,True,"PAT_76_1039_269.png"
"PAT_763",1439,"Brazil","Brazil",66,"Female",4,"Thigh",15.0,15.0,"ACK",False,False,False,True,True,True,False,False,False,False,False,False,True,True,"PAT_763_1439_668.png"
"PAT_764",1448,"Italy","Italy",69,"Male",3,"Back",4.0,4.0,"BCC",False,False,False,False,True,False,False,True,False,False,False,True,False,True,"PAT_764_1448_499.png"
"PAT_766",1444,"Italy","Italy",63,"Male",3,"Ear",6.0,6.0,"BCC",False,False,False,False,False,False,True,False,False,False,False,False,False,True,"PAT_766_1444_52.png"
"PAT_770",1451,"Brazil","Brazil",79,"Male",5,"Face",40.0,5.0,"SCC",False,False,False,False,True,True,True,True,True,True,False,True,True,True,"PAT_770_1451_136.png"
"PAT_771",1488,"Italy","Italy",69,"Male",3,"Arm",7.0,7.0,"SCC",True,True,False,True,True,True,False,True,True,False,True,False,True,True,"PAT_771_1488_562.png"
"PAT_774",1462,"Italy","Italy",45,"Male",3,"Neck",7.0,5.0,"BCC",False,True,True,True,True,True,True,True,True,False,True,False,True,True,"PAT_774_1462_821.png"
"PAT_778",1471,"Germany","Italy",52,"Female",3,"Face",15.0,10.0,"BCC",False,True,False,True,True,True,False,False,True,False,True,True,True,True,"PAT_778_1471_835.png"
"PAT_78",118,"Germany","Germany",54,"Male",3,"Back",20.0,20.0,"BCC",True,True,False,False,True,True,False,False,True,False,False,False,True,True,"PAT_78_118_164.png"
"PAT_781",1474,"Germany","Germany",55,"Female",3,"Face",10.0,4.0,"BCC",False,False,True,True,True,True,False,False,True,False,True,False,True,True,"PAT_781_1474_517.png"
"PAT_782",1493,"Germany","Germany",71,"Male",3,"Chest",12.0,6.0,"ACK",False,False,True,True,False,True,False,False,False,False,False,False,False,True,"PAT_782_1493_140.png"
"PAT_785",1479,"Italy","Italy",77,"Female",4,"Nose",15.0,15.0,"BCC",False,False,False,False,False,False,False,True,True,False,False,False,True,True,"PAT_785_1479_108.png"
"PAT_788",1503,"Italy","Italy",60,"Female",4,"Face",17.0,7.0,"BCC",False,False,False,False,True,False,True,False,True,False,False,False,True,True,"PAT_788_1503_168.png"
"PAT_789",1483,"Germany","Germany",70,"Male",3,"Back",15.0,7.0,"BCC",False,False,True,False,True,True,True,True,True,True,False,False,True,True,"PAT_789_1483_793.png"
"PAT_79",120,"Pomerania","Pomerania",63,"Female",2,"Face",7.0,5.0,"BCC",False,False,False,False,True,True,False,False,False,False,False,False,False,True,"PAT_79_120_532.png"
"PAT_792",4351,"Brazil","Brazil",58,"Female",5,"Forearm",5.0,5.0,"ACK",False,True,False,False,True,True,True,False,False,False,False,False,False,False,"PAT_792_4351_858.png"
"PAT_793",1512,"Italy","Italy",36,"Male",4,"Back",7.0,4.0,"NEV",False,False,False,True,True,False,False,True,False,False,False,False,False,True,"PAT_793_1512_327.png"
"PAT_795",1508,"Germany","Germany",69,"Male",3,"Hand",11.0,10.0,"ACK",False,True,True,True,True,True,True,True,False,False,False,False,True,True,"PAT_795_1508_925.png"
"PAT_799",1515,"Pomerania","Pomerania",73,"Female",3,"Face",5.0,4.0,"ACK",False,False,False,False,True,True,False,True,False,False,False,False,True,True,"PAT_799_1515_723.png"
"PAT_801",1518,"Italy","Italy",43,"Female",4,"Neck",20.0,8.0,"MEL",False,False,False,True,True,True,False,False,True,False,False,False,False,True,"PAT_801_1518_78.png"
"PAT_802",1516,"Germany","Germany",60,"Male",3,"Face",20.0,10.0,"ACK",True,False,False,False,True,True,True,True,False,False,False,False,False,True,"PAT_802_1516_910.png"
"PAT_805",1517,"Germany","Germany",58,"Female",3,"Hand",10.0,8.0,"SCC",False,False,False,False,True,True,False,True,True,False,False,False,True,True,"PAT_805_1517_154.png"
"PAT_806",1520,"Germany","Germany",54,"Male",2,"Forearm",5.0,5.0,"BCC",False,False,True,False,True,True,False,False,False,False,False,False,True,True,"PAT_806_1520_708.png"
"PAT_809",1528,"Germany","Germany",66,"Female",3,"Face",6.0,6.0,"ACK",False,False,False,True,True,True,False,True,False,False,False,False,False,True,"PAT_809_1528_118.png"
"PAT_81",123,"Pomerania","Pomerania",63,"Male",3,"Arm",13.0,11.0,"ACK",False,False,True,True,True,False,False,False,True,False,False,False,True,True,"PAT_81_123_52.png"
"PAT_810",1526,"Brazil","Germany",51,"Male",3,"Neck",42.0,21.0,"BCC",True,False,False,False,True,True,True,True,True,False,False,True,True,True,"PAT_810_1526_67.png"
"PAT_814",1532,"Pomerania","Pomerania",63,"Male",2,"Chest",40.0,20.0,"BCC",False,True,False,True,True,True,True,True,True,True,False,True,True,True,"PAT_814_1532_545.png"
"PAT_817",1537,"Germany","Germany",85,"Male",2,"Thigh",11.0,10.0,"BCC",False,True,True,True,True,True,False,False,True,False,True,False,True,True,"PAT_817_1537_643.png"
"PAT_82",125,"Pomerania","Pomerania",71,"Male",2,"Arm",15.0,13.0,"BCC",False,False,False,True,False,False,True,True,True,True,False,True,True,True,"PAT_82_125_365.png"
"PAT_822",1550,"Unknown","Unknown",72,"Male",3,"Face",13.0,10.0,"BCC",False,False,False,False,True,True,False,True,True,False,False,False,True,True,"PAT_822_1550_826.png"
"PAT_823",1558,"Germany","Germany",64,"Male",2,"Arm",30.0,20.0,"BCC",False,True,True,False,True,True,True,True,True,True,False,True,True,True,"PAT_823_1558_67.png"
"PAT_824",1561,"Germany","Germany",83,"Male",2,"Forearm",11.0,9.0,"ACK",False,False,True,False,True,False,True,True,False,False,False,False,True,True,"PAT_824_1561_796.png"
"PAT_826",1615,"Unknown","Unknown",77,"Female",2,"Face",10.0,8.0,"BCC",False,False,True,True,True,True,False,False,False,False,False,False,True,True,"PAT_826_1615_908.png"
"PAT_83",126,"Germany","Germany",64,"Female",2,"Forearm",7.0,6.0,"BCC",False,False,True,True,True,True,False,True,True,True,False,True,True,True,"PAT_83_126_820.png"
"PAT_831",1570,"Italy","Italy",72,"Female",3,"Hand",10.0,7.0,"ACK",False,False,False,False,True,True,False,True,True,False,True,False,True,True,"PAT_831_1570_991.png"
"PAT_833",1571,"Italy","Italy",37,"Male",4,"Nose",3.0,3.0,"BCC",False,True,True,True,True,False,True,False,True,False,True,False,False,True,"PAT_833_1571_134.png"
"PAT_834",4490,"Germany","Germany",81,"Male",2,"Arm",10.0,9.0,"ACK",False,False,True,True,True,False,False,False,False,False,False,False,False,False,"PAT_834_4490_317.png"
"PAT_838",1585,"Pomerania","Pomerania",53,"Female",3,"Neck",18.0,10.0,"BCC",False,False,False,True,True,True,False,False,False,False,False,False,True,True,"PAT_838_1585_282.png"
"PAT_84",128,"Pomerania","Pomerania",69,"Female",2,"Face",11.0,7.0,"BCC",False,False,False,True,False,False,False,True,True,True,False,True,True,True,"PAT_84_128_233.png"
"PAT_842",1606,"Germany","Germany",40,"Female",3,"Chest",31.0,21.0,"BCC",False,False,True,True,True,False,True,False,True,False,False,False,False,True,"PAT_842_1606_720.png"
"PAT_844",1605,"Italy","Italy",63,"Male",2,"Lip",8.0,7.0,"SCC",True,False,False,False,False,False,False,False,True,False,True,False,True,True,"PAT_844_1605_308.png"
"PAT_846",1607,"Unknown","Germany",63,"Female",2,"Arm",19.0,12.0,"ACK",False,False,True,False,True,True,True,True,True,False,False,False,False,True,"PAT_846_1607_895.png"
"PAT_847",1610,"Pomerania","Pomerania",60,"Male",2,"Back",15.0,10.0,"BCC",False,False,False,True,True,True,True,False,False,True,False,False,False,True,"PAT_847_1610_165.png"
"PAT_849",1612,"Brazil","Germany",63,"Male",2,"Neck",15.0,7.0,"BCC",False,False,False,True,True,True,True,False,True,False,True,True,True,True,"PAT_849_1612_143.png"
"PAT_85",129,"Unknown","Unknown",71,"Female",3,"Chest",4.0,3.0,"ACK",False,False,False,True,False,False,False,False,True,False,False,False,True,True,"PAT_85_129_225.png"
"PAT_851",4519,"Pomerania","Pomerania",77,"Female",3,"Face",25.0,10.0,"ACK",False,False,True,True,True,True,False,True,False,False,False,False,False,False,"PAT_851_4519_488.png"
"PAT_852",1629,"Unknown","Germany",56,"Male",3,"Ear",7.0,5.0,"BCC",False,False,True,False,True,True,False,False,False,False,False,True,True,True,"PAT_852_1629_265.png"
"PAT_853",1642,"Italy","Italy",77,"Female",3,"Face",2.0,6.0,"BCC",False,True,False,True,True,True,False,False,False,False,False,False,True,True,"PAT_853_1642_497.png"
"PAT_856",1626,"Unknown","Unknown",51,"Male",3,"Chest",10.0,9.0,"BCC",False,True,True,True,True,True,True,True,False,True,False,True,True,True,"PAT_856_1626_523.png"
"PAT_86",1109,"Pomerania","Pomerania",53,"Female",2,"Hand",7.0,6.0,"BCC",False,False,True,False,True,True,False,True,True,True,False,True,True,True,"PAT_86_1109_306.png"
"PAT_860",1641,"Germany","Germany",57,"Female",3,"Hand",14.0,13.0,"SCC",False,True,True,False,True,True,True,False,True,True,True,False,True,True,"PAT_860_1641_440.png"
"PAT_861",1639,"Pomerania","Pomerania",46,"Male",3,"Abdomen",10.0,9.0,"ACK",False,True,True,False,True,True,False,True,False,True,False,True,True,True,"PAT_861_1639_823.png"
"PAT_862",1643,"Germany","Germany",57,"Female",3,"Nose",2.0,1.0,"ACK",False,False,False,True,True,True,False,True,True,False,False,False,False,True,"PAT_862_1643_386.png"
"PAT_864",1645,"Pomerania","Pomerania",55,"Female",3,"Back",16.0,13.0,"BCC",False,False,False,False,True,True,False,True,True,False,False,True,True,True,"PAT_864_1645_639.png"
"PAT_866",1649,"Pomerania","Pomerania",56,"Male",3,"Forearm",10.0,8.0,"BCC",False,True,True,True,True,False,True,False,True,False,False,False,True,True,"PAT_866_1649_674.png"
"PAT_867",1650,"Pomerania","Pomerania",47,"Female",3,"Chest",11.0,11.0,"BCC",False,False,True,False,True,True,True,True,True,True,False,True,True,True,"PAT_867_1650_901.png"
"PAT_868",1657,"Italy","Italy",64,"Male",3,"Chest",4.0,4.0,"ACK",False,True,False,True,False,False,True,True,False,False,False,False,True,True,"PAT_868_1657_698.png"
"PAT_87",133,"Pomerania","Pomerania",57,"Female",3,"Chest",17.0,15.0,"SEK",False,False,True,True,False,False,False,False,True,False,False,False,True,False,"PAT_87_133_391.png"
"PAT_873",1661,"Germany","Italy",69,"Male",2,"Arm",7.0,4.0,"ACK",False,True,False,False,True,True,False,False,False,False,False,False,True,True,"PAT_873_1661_178.png"
"PAT_874",1672,"Pomerania","Pomerania",84,"Female",2,"Nose",7.0,6.0,"SCC",False,False,False,False,False,True,False,False,False,False,False,False,True,True,"PAT_874_1672_287.png"
"PAT_877",1667,"Unknown","Unknown",62,"Male",2,"Back",15.0,11.0,"BCC",False,True,False,False,False,False,True,False,True,False,True,False,True,True,"PAT_877_1667_118.png"
"PAT_878",1663,"Pomerania","Netherlands",74,"Female",2,"Thigh",10.0,8.0,"ACK",False,False,False,True,True,True,True,True,False,False,False,False,True,True,"PAT_878_1663_7.png"
"PAT_88",133,"Germany","Pomerania",65,"Male",2,"Face",7.0,5.0,"BCC",False,True,True,True,False,False,True,False,True,False,False,False,True,True,"PAT_88_133_64.png"
"PAT_880",1673,"Germany","Germany",83,"Female",2,"Forearm",10.0,8.0,"ACK",False,False,True,False,True,False,False,True,False,False,False,False,True,True,"PAT_880_1673_410.png"
"PAT_883",1682,"Germany","Germany",71,"Male",2,"Lip",6.0,5.0,"ACK",False,True,False,True,True,True,True,False,True,False,False,False,True,True,"PAT_883_1682_256.png"
"PAT_885",1687,"Pomerania","Pomerania",51,"Female",2,"Face",4.0,4.0,"BCC",False,True,False,False,True,False,False,False,False,False,False,False,True,True,"PAT_885_1687_204.png"
"PAT_886",1684,"Germany","Unknown",70,"Female",3,"Arm",10.0,6.0,"ACK",False,False,False,False,True,True,False,False,True,True,True,False,True,True,"PAT_886_1684_297.png"
"PAT_889",1689,"Pomerania","Pomerania",71,"Female",3,"Thigh",20.0,18.0,"ACK",False,False,False,False,True,True,False,True,False,True,False,False,True,True,"PAT_889_1689_986.png"
"PAT_89",135,"Pomerania","Pomerania",64,"Female",2,"Nose",3.0,3.0,"BCC",False,False,True,False,False,False,False,True,False,True,False,True,True,True,"PAT_89_135_11.png"
"PAT_891",1700,"Pomerania","Pomerania",57,"Female",2,"Hand",8.0,8.0,"ACK",False,False,True,False,True,False,False,True,False,False,False,False,True,True,"PAT_891_1700_180.png"
"PAT_9",17,"Italy","Italy",54,"Male",2,"Chest",9.0,5.0,"ACK",False,True,False,False,True,False,False,False,False,False,False,False,False,True,"PAT_9_17_80.png"
"PAT_90",219,"Pomerania","Pomerania",74,"Female",3,"Thigh",6.0,6.0,"SEK",False,False,False,True,True,True,False,False,False,False,False,False,True,False,"PAT_90_219_648.png"
"PAT_901",1716,"Germany","Germany",60,"Male",2,"Face",12.0,10.0,"BCC",False,True,False,False,False,False,True,False,True,False,True,False,True,True,"PAT_901_1716_497.png"
"PAT_905",1721,"Pomerania","Pomerania",76,"Male",3,"Nose",3.0,3.0,"BCC",False,False,False,True,True,False,True,True,True,False,False,True,True,True,"PAT_905_1721_327.png"
"PAT_91",354,"Italy","Portugal",65,"Male",2,"Face",35.0,15.0,"ACK",False,False,False,True,True,True,True,True,False,False,False,False,False,False,"PAT_91_354_332.png"
"PAT_914",1740,"Germany","Germany",74,"Female",2,"Hand",6.0,6.0,"ACK",False,False,False,False,True,True,False,True,False,False,False,False,True,True,"PAT_914_1740_932.png"
"PAT_918",1742,"Portugal","Pomerania",91,"Female",2,"Face",15.0,8.0,"BCC",False,False,False,False,False,False,False,True,True,True,True,True,True,True,"PAT_918_1742_456.png"
"PAT_919",1744,"Pomerania","Pomerania",65,"Female",2,"Nose",13.0,10.0,"BCC",False,False,False,False,True,False,False,False,True,False,True,True,True,True,"PAT_919_1744_318.png"
"PAT_921",1750,"Germany","Germany",62,"Male",2,"Nose",5.0,3.0,"ACK",False,True,False,True,True,True,False,True,False,False,False,True,False,True,"PAT_921_1750_313.png"
"PAT_923",1753,"Pomerania","Pomerania",66,"Female",2,"Nose",15.0,15.0,"BCC",False,False,True,False,False,False,False,False,True,False,True,True,True,True,"PAT_923_1753_706.png"
"PAT_924",1757,"Germany","Germany",64,"Female",3,"Thigh",5.0,5.0,"SCC",False,False,True,False,True,True,False,False,False,False,False,True,True,True,"PAT_924_1757_784.png"
"PAT_927",1759,"Germany","Germany",64,"Female",2,"Chest",9.0,6.0,"BCC",False,False,False,True,False,False,True,True,True,True,True,False,True,True,"PAT_927_1759_749.png"
"PAT_93",361,"Unknown","Unknown",65,"Male",4,"Face",8.0,6.0,"SEK",False,True,False,False,True,True,False,False,True,False,False,False,True,False,"PAT_93_361_203.png"
"PAT_931",1762,"Pomerania","Pomerania",71,"Female",2,"Hand",13.0,7.0,"ACK",False,False,False,False,True,True,False,True,False,False,False,False,False,True,"PAT_931_1762_69.png"
"PAT_937",1768,"Germany","Germany",64,"Male",2,"Face",12.0,10.0,"ACK",False,True,False,True,True,True,False,False,True,False,False,False,True,True,"PAT_937_1768_126.png"
"PAT_942",1792,"Pomerania","Pomerania",67,"Male",4,"Face",13.0,10.0,"ACK",True,True,True,False,True,True,True,True,False,False,False,False,False,True,"PAT_942_1792_411.png"
"PAT_943",1793,"Pomerania","Pomerania",32,"Female",2,"Back",13.0,12.0,"BCC",False,False,False,False,False,False,True,True,False,False,False,True,True,True,"PAT_943_1793_256.png"
"PAT_944",1795,"Pomerania","Pomerania",31,"Male",3,"Face",10.0,7.0,"BCC",False,True,False,False,True,True,True,False,True,False,False,True,True,True,"PAT_944_1795_371.png"
"PAT_946",1809,"Pomerania","Pomerania",52,"Female",3,"Nose",3.0,3.0,"BCC",False,False,False,False,True,True,False,False,True,False,True,True,True,True,"PAT_946_1809_687.png"
"PAT_948",1801,"Pomerania","Pomerania",58,"Female",3,"Nose",3.0,2.0,"BCC",True,False,False,False,False,False,True,False,True,False,False,True,True,True,"PAT_948_1801_993.png"
"PAT_950",1804,"Pomerania","Pomerania",53,"Male",4,"Face",7.0,6.0,"BCC",False,True,True,True,False,False,True,True,False,False,False,True,True,True,"PAT_950_1804_64.png"
"PAT_951",1836,"Pomerania","Pomerania",52,"Male",2,"Forearm",10.0,10.0,"ACK",False,False,False,False,True,True,False,True,False,False,False,False,True,True,"PAT_951_1836_991.png"
"PAT_953",1806,"Pomerania","Pomerania",53,"Female",3,"Arm",9.0,8.0,"SCC",False,True,True,False,False,True,True,True,True,False,False,False,True,True,"PAT_953_1806_326.png"
"PAT_960",1816,"Pomerania","Pomerania",59,"Male",3,"Face",7.0,5.0,"ACK",False,False,True,True,False,False,True,False,False,False,False,False,False,True,"PAT_960_1816_662.png"
"PAT_961",1818,"Unknown","Unknown",71,"Male",4,"Thigh",21.0,20.0,"ACK",False,False,False,True,True,True,True,True,False,False,False,False,True,True,"PAT_961_1818_992.png"
"PAT_962",1823,"Pomerania","Pomerania",52,"Male",3,"Face",3.0,3.0,"BCC",False,False,True,True,False,False,True,True,True,True,False,False,True,True,"PAT_962_1823_942.png"
"PAT_963",1820,"Italy","Germany",58,"Male",2,"Back",7.0,6.0,"ACK",False,True,True,False,True,True,True,False,False,False,False,False,False,True,"PAT_963_1820_823.png"
"PAT_966",1825,"Pomerania","Pomerania",46,"Female",3,"Face",12.0,5.0,"MEL",False,False,False,False,False,False,False,True,True,False,True,False,False,True,"PAT_966_1825_584.png"
"PAT_968",1835,"Pomerania","Pomerania",56,"Male",2,"Face",4.0,3.0,"BCC",False,True,False,True,False,True,True,True,True,False,True,True,True,True,"PAT_968_1835_721.png"
"PAT_97",151,"Germany","Germany",47,"Male",2,"Chest",22.0,15.0,"BCC",False,False,False,False,True,False,True,True,True,False,False,True,True,True,"PAT_97_151_503.png"
"PAT_971",1847,"Pomerania","Pomerania",64,"Female",2,"Hand",14.0,13.0,"ACK",False,False,False,False,True,True,True,True,False,False,False,False,False,True,"PAT_971_1847_99.png"
"PAT_972",1843,"Pomerania","Pomerania",45,"Female",2,"Arm",5.0,3.0,"MEL",False,False,True,False,False,False,False,False,True,False,True,False,False,True,"PAT_972_1843_756.png"
"PAT_973",1839,"Italy","Italy",64,"Male",3,"Neck",5.0,3.0,"ACK",False,False,False,True,True,True,True,True,False,False,False,False,False,True,"PAT_973_1839_34.png"
"PAT_975",4734,"Pomerania","Pomerania",21,"Male",2,"Back",20.0,10.0,"NEV",False,True,True,False,True,True,True,False,True,False,False,False,True,False,"PAT_975_4734_783.png"
"PAT_976",1837,"Pomerania","Pomerania",85,"Female",3,"Ear",35.0,25.0,"BCC",False,False,False,False,True,True,True,False,True,False,True,True,True,True,"PAT_976_1837_861.png"
"PAT_982",1852,"Pomerania","Pomerania",68,"Female",3,"Forearm",17.0,14.0,"ACK",False,False,True,True,True,True,False,True,False,False,False,False,True,True,"PAT_982_1852_526.png"
"PAT_983",1853,"Pomerania","Pomerania",78,"Female",2,"Arm",10.0,9.0,"ACK",False,False,False,False,True,True,False,True,False,True,False,False,True,True,"PAT_983_1853_985.png"
"PAT_985",1856,"Pomerania","Pomerania",49,"Male",3,"Nose",14.0,9.0,"BCC",False,False,True,False,True,True,True,True,True,True,False,True,True,True,"PAT_985_1856_397.png"
"PAT_987",1859,"Pomerania","Pomerania",47,"Female",3,"Face",13.0,9.0,"ACK",False,False,True,False,False,False,True,True,True,True,True,False,True,True,"PAT_987_1859_859.png"
"PAT_988",1858,"Pomerania","Pomerania",78,"Female",3,"Face",7.0,5.0,"BCC",False,False,True,False,True,False,False,True,False,False,False,True,True,True,"PAT_988_1858_453.png"
"PAT_99",153,"Pomerania","Pomerania",78,"Female",2,"Face",10.0,6.0,"BCC",False,False,False,True,True,True,False,True,True,True,False,True,True,True,"PAT_99_153_636.png"
"PAT_992",1864,"Germany","Germany",51,"Male",3,"Hand",9.0,8.0,"ACK",False,False,False,False,False,False,True,True,False,False,False,False,False,True,"PAT_992_1864_653.png"
"PAT_994",1866,"Pomerania","Pomerania",52,"Female",3,"Thigh",11.0,8.0,"BCC",False,False,True,True,True,False,True,True,True,False,False,True,False,True,"PAT_994_1866_913.png"
"PAT_995",1867,"Unknown","Unknown",49,"Female",2,"Thigh",23.0,20.0,"MEL",False,False,False,False,False,False,False,False,True,False,True,False,True,True,"PAT_995_1867_5.png"
"PAT_996",6,"Unknown","Unknown",50,"Male",0,"Chest",0.0,0.0,"ACK",False,False,False,False,False,False,False,False,False,False,False,False,False,False,"PAT_996_6_886.png"
"PAT_997",14,"Unknown","Unknown",60,"Male",0,"Forearm",0.0,0.0,"ACK",False,False,False,False,False,False,False,True,False,False,False,True,False,False,"PAT_997_14_40.png"
"PAT_998",17,"Unknown","Unknown",50,"Female",0,"Face",0.0,0.0,"SEK",False,False,False,False,False,False,False,False,True,False,False,False,False,False,"PAT_998_17_641.png"
"PAT_999",20,"Unknown","Unknown",40,"Female",0,"Arm",0.0,0.0,"ACK",False,False,False,False,False,False,False,True,False,False,False,True,False,False,"PAT_999_20_223.png"
